rank|ruler|planet|nick|alliance|score|value|xp|size|race|coords
1|-=PDMASTER=-|Shivan Teritory|pdmaster|eXilition|10865669|9538529|22119|2135|Xan|2:6:9
2|Gunia|Haznu|Greenhills|eXilition|10576991|8772731|30071|3901|Ter|6:2:8
3|The Fantastic Taste|A Golden Fluid|Desse|eXilition|10126003|8991403|18922|4566|Ter|9:10:8
4|Matter|Fact|Rgat|eXilition|9873039|8089359|29728|2540|Ter|7:9:16
5|Nicholas D Wolfwood|The Gung-Ho Guns|Pablitem|eXilition|9801894|7452714|39153|1832|Ter|5:5:1
6|Hard Rock|Cafe|paragon|[BIG]|9230198|1033658|136609|511|Ter|3:7:3
7|Ocean|Storms|Mockingbird|eXilition|9039095|6648335|39846|2024|Ter|8:1:9
8|Feel the pain|Loosing ur ships|Cronix|LCH|8921190|1068090|130885|423|Xan|4:2:13
9|-Lack-|-Inspiration-|Satyr|None|8679584|5580884|51645|2205|Cat|6:2:6
10|A Victim|Circumstance|cura|NewDawn|8483581|2477341|100104|505|Xan|1:9:10
11|No Headache|No Hangover|MacTAnzu|eXilition|8410804|6471664|32319|1416|Zik|5:5:2
12|des squelettes|laissez faire|god|Ascendancy|8360509|6797089|26067|553|Zik|9:10:9
13|Phelan Kell|Kellhounds|Rasputin|1up|8241016|5700736|42338|897|Xan|2:6:5
14|r e s u r g e n c e|LaSt aCTIon nUBTaRd|chika`|Ascendancy|8200256|5781356|40315|3611|Xan|8:4:15
15|bebe|beatitude|adrian|Furious Omen|8081436|4889736|53195|2292|Cat|2:2:15
16|Alienware|StarComa|Spor|LCH|7631863|2729863|81700|1188|Ter|8:1:4
17|The Sisterhood|The Traveling Pants|"bread|"|NewDawn|7618022|3032702|76422|529|Ter|1:2:15
18|Tresan|Rainis|Tresan|VisioN|7611489|3554829|67611|673|Zik|10:3:14
19|munzy|godoland|IYIaSTeI2|NewDawn|7566244|5102704|41059|447|Zik|4:9:13
20|The habit|Stealing|Smasher|Furious Omen|7536899|4908359|43809|1659|Zik|3:6:2
21|A Destiny|Flame and Sorrow|Draki|eXilition|7481607|4583007|48310|1326|Ter|4:9:3
22|The Curious Case|Benjamin Button|gutters|NewDawn|7425158|3077978|72453|953|Xan|5:5:18
23|Finlandia|Finland|dedin|eXilition|7266801|5906241|22690|1349|Zik|7:3:9
24|The Black Lodge|Santa Cruz|Keizari|None|7201902|5660802|25685|1770|Cat|6:2:5
25|Oma Desala|-The Ancients-|gmufc|LCH|7133997|2518737|76921|640|Zik|6:2:2
26|Beautiful|Like a Rainbow|Mystical|Furious Omen|7074439|3891679|53046|718|Cat|3:6:5
27|Investigate 911|It was an inside job|mens|eXilition|6979354|4629874|39158|698|Ter|9:4:5
28|Beautifull Day|U2|FAst_|eXilition|6936270|4635510|38346|1226|Zik|3:5:9
29|The Slim Chance|Me Winning the WSOP|Jackie|eXilition|6878885|5476565|23372|468|Ter|2:6:2
30|Nest|Hornets|Digital|xVx|6878296|5932216|15768|1904|Xan|10:8:7
31|International Man|Mystery|Vandal^|LCH|6860399|4062359|46634|832|Zik|9:2:4
32|Endless Nights|Catalunya|rain|Furious Omen|6859392|4919172|32337|789|Zik|7:3:12
33|part timer|never here|Grog|NewDawn|6843829|4787449|34273|572|Zik|6:5:5
34|Pizzaman|Ciao ciao|Pettz|[BIG]|6833789|974189|97685|314|Ter|3:7:6
35|A DOUBLE|CAPTAIN MORGAN|hatlon|LCH|6777065|1326725|90839|646|Xan|6:1:1
36|Periods|Inactivity|ATRO|Tides of Fire|6687310|3898330|46483|1151|Zik|10:8:18
37|Lemony Snicket|Unfortunate Events|Amycus|TGV|6676077|2470377|70095|870|Xan|3:2:18
38|Brink|Insanity|Mystic|Tides of Fire|6668658|4285938|39712|2213|Xan|8:4:6
39|Your Flawed Intel|My Planned Suicide|Chedderz|Ascendancy|6662764|1400464|87754|284|Xan|9:10:15
40|farm|some alliance|rshih|NewDawn|6648746|3024146|60410|775|Ter|2:6:3
41|Im pretty sure|I will suck|ChipZ^|eXilition|6640250|4030190|43501|444|Zik|6:10:10
42|Einfach nur bes|fen und geil!|DunkelGraf|CENSORED-Allianz|6598735|4052275|42441|1093|Zik|2:3:16
43|PA is losing members|every round|g0at|PA Sucks|6543560|1642280|81688|814|Ter|4:2:15
44|Potential|Energy|Judge|VisioN|6518101|3299701|53640|1115|Ter|6:6:2
45|Divine Power|Demolish Strongholds|jonboy24|Tides of Fire|6494384|1747124|79121|873|Xan|12:5:7
46|Filthy|Gnomeregan|Porno|VisioN|6493151|2313491|69661|419|Xan|9:10:16
47|Dreams|Bliss|Zeddius|eXilition|6462634|4146574|38621|1112|Cat|5:5:4
48|a lush way|living|YuC|eXilition|6452591|4733111|28658|687|Zik|1:4:3
49|Rather Now|Than Never|dopec|eXilition|6399452|2893652|58430|602|Ter|5:5:3
50|Adolf Hitsler|My name offends you|Bartemannen|TGV|6324343|3428383|48292|1219|Ter|2:6:16
51|weapon|choice|aragno|xVx|6263959|2572639|61522|1428|Ter|11:7:14
52|Mountain|Regrets|Germ|NewDawn|6237020|3256580|49674|942|Xan|1:5:7
53|9 4 4|Mind Reader|BA|NewDawn|6234245|2868005|56104|462|Ter|9:4:4
54|Imox|Imoxus|Imox|Howling Rain|6233866|3316846|48617|710|Zik|11:7:7
55|Blessing|My roids|darts|eXilition|6181113|2433873|62454|538|Cat|8:4:8
56|Big Fan|The Haldanes|harv|NewDawn|6167097|604377|92712|318|Cat|3:10:11
57|Very tired|Endless Nights|Ifa|LCH|6156130|3935410|37049|880|Zik|5:4:11
58|Storm|the Century|Zeb|VisioN|6152582|4447922|28411|1145|Zik|5:5:9
59|blah|blahblah|bl|xVx|6147997|3117277|50544|1125|Zik|10:4:16
60|Absolut|Sweden|FeNiX|eXilition|6147802|3253402|48240|469|Xan|7:3:7
61|Jenna Jameson|Provocateur|Edgar|VisioN|6125881|4274761|30852|1511|Zik|9:4:6
62|Prometheus|The Titans|FalloutBoy|VisioN|6112892|2977952|52249|748|Zik|1:2:6
63|The Wolves|Winter|kronos-v|TGV|6075712|4598632|24638|741|Zik|5:4:13
64|The Worst|The Worst Trilogy 3|WuMing|eXilition|6070541|3688901|39694|505|Xan|9:10:1
65|Champ|Wcoop|The_Fox|xVx|6041694|1478094|76060|743|Zik|4:9:5
66|Birthday|Gianni|BlackG|Furious Omen|6032799|3976779|34267|2488|Ter|10:8:1
67|Isaac Hunt|Massive Proportions|Cannon_Fodder|Ascendancy|6023271|2294151|62152|544|Zik|9:10:20
68|Attn! Spoilers|Kong dies|jesterina|Ascendancy|6013576|3910876|35045|227|Zik|9:10:4
69|The Drunkard|One Thousand Beers|Catalyst|None|6002201|1635761|72774|688|Xan|5:3:12
70|pieces|a broken heart|mystery|VisioN|5990983|2607943|56384|1365|Cat|5:3:4
71|Frightening Lack|Self Control|Jaric|TGV|5983181|1654721|72151|966|Ter|2:2:16
72|The Eternal Champion|Tanelorn|widget5|TGV|5920013|2161013|62650|1014|Cat|4:1:9
73|Krzzt Ptkr|Khaak|X-COM|[BIG]|5880150|2584110|54934|752|Xan|3:7:1
74|KB|VM|Xion|eXilition|5865362|2931002|48906|1146|Xan|8:1:2
75|In Search|A Plan|Blackrhag|LCH|5860766|2801006|50996|393|Zik|3:2:3
76|Buggy|Little insect|Lesh|Howling Rain|5854913|4732493|18750|1029|Zik|8:1:3
77|Pokerstar|Muck|Asterion|Furious Omen|5835749|1808369|67123|1368|Cat|11:3:4
78|SupremeCmdr|-= Kron =-|aMtlMan|VisioN|5816825|3599945|36948|1528|Xan|11:7:23
79|The Salient Points|Obscurity|JBG|Ascendancy|5814719|4741799|17882|547|Zik|9:10:6
80|Gaia|Dancemania|Mbe|Vengeance|5812585|2812885|49995|1832|Ter|4:2:5
81|Deadman|Deadmansland|Tabbeh|Furious Omen|5805061|3859861|32420|610|Zik|9:4:12
82|The Power|Wisdom|[r0x]|LCH|5799587|3862187|32299|401|Zik|3:2:5
83|Fifi|Flowertots|Dan|TGV|5794115|879155|81916|787|Ter|6:2:17
84|noise|ghosts|zetti|xVx|5751576|4364196|23123|1224|Zik|5:4:3
85|Imperial BattleFleet|The Caldari|IsNoGoOd|None|5698723|1958623|62335|509|Ter|8:4:1
86|Windows 98|Blue Screen Of Death|ChronoX|None|5693830|2366770|55451|669|Cat|6:5:16
87|Blizzzardstorm|Korriban|blizzzardstorm|[F-Crew]|5672074|2715514|49276|2006|Ter|10:3:5
88|Firespinner|-III-|Moos|TGV|5671617|2592057|51326|1086|Cat|4:1:2
89|flotilla|sheeps|tamsus|eXilition|5658453|3727653|32180|1605|Ter|6:10:1
90|Someone|nowhere|ADM|TGV|5658100|2709220|49148|701|Zik|13:3:11
91|Player 11|Oldschool PA Style|jelle|LCH|5654495|577115|84623|528|Xan|1:5:18
92|Greed|The 7 Death Sins|Tronick|Furious Omen|5648716|3030376|43639|1177|Zik|6:10:6
93|$weet Dream$|$weet Thing$|Tharky|xVx|5602657|1124917|74629|722|Cat|9:2:3
94|The Fun Side-Effects|Chemotherapy|TomKat|Ascendancy|5598902|1820822|62989|455|Zik|9:10:7
95|ffs|asdf|Shoshuro|Furious Omen|5584922|2690042|48248|1523|Ter|13:4:21
96|An0TheR|Dr1nK1nG Spr33|Apollo|eXilition|5584567|2172007|56876|492|Ter|2:3:14
97|Teh 4 Compakt Discs|Zaireeka|zebra|VisioN|5581451|1822751|62648|531|Xan|8:2:10
98|Who Ruined|The Zik Stats?|LukeyLove|LCH|5574672|4136892|23963|519|Zik|5:4:16
99|The Sum|All Fears|Xalibur|eXilition|5565134|3688094|31284|1567|Cat|7:7:6
100|Sethvir|Althain Tower|Angmar|VisioN|5553846|2493426|51007|2057|Xan|6:2:10
101|A Nothing Sort|Thing|Vargon|eXilition|5544947|2944187|43346|1535|Ter|8:1:13
102|Aina|Bloodforest|Tar|Insurrection|5518900|4482340|17276|817|Zik|4:2:17
103|University|Reading|Artic|Howling Rain|5503809|875829|77133|716|Xan|4:9:7
104|Ice|Crystal Meth|SeqZ|LCH|5489678|1971458|58637|230|Ter|2:6:17
105|Palmira|Persia|Patrick-I|VisioN|5485857|3636777|30818|1508|Xan|8:4:11
106|Ahhhhh Diddums|Baby Talk|prestel|Ascendancy|5480802|842802|77300|598|Ter|9:10:5
107|Band|Brothers|Hunta|VisioN|5478533|1836233|60705|1365|Ter|4:9:16
108|wadi|rum|fandi11|War-Disney|5475913|1158013|71979|1118|Xan|7:8:4
109|He|the Year|Typhoon|eXilition|5474782|1058782|73600|300|Cat|4:6:22
110|A D I D A S|Freak on a Leash|IgNitionBabY|eXilition|5468761|1885861|59715|373|Cat|4:3:23
111|Angelina|Jolie|maverixx|NewDawn|5467542|1137942|72160|697|Xan|7:9:9
112|Maj Karma|Ukkonen|Erajorma|Tides of Fire|5460729|3318909|35697|2190|Xan|2:2:13
113|Carnophage|Luola|Hanski|xVx|5452554|1841814|60179|864|Cat|8:1:5
114|Blue Steel|Derek Zoolander|Gruff|Orbit|5449136|2879996|42819|751|Zik|1:5:13
115|Riddick|Helion Prime|Car|TGV|5449114|2628874|47004|590|Zik|7:2:4
116|Lens|Camera|Lewis|Furious Omen|5442489|1288449|69234|568|Cat|3:6:11
117|Fusion|Metals|Scoobs|Tides of Fire|5439845|3264905|36249|1700|Ter|4:7:6
118|Maester|Diseaster|ol-ski|TGV|5423166|1328766|68240|827|Zik|12:5:6
119|Watauga Hoschi|Booneroooo|genosse27|VisioN|5418883|1580923|63966|869|Cat|4:9:8
120|RedSonja|Hyboria|Floi|NewDawn|5417565|1444965|66210|713|Ter|6:10:12
121|2 many secrets r|lockd inside yr mind|Inforza|eXilition|5415036|2780016|43917|180|Xan|3:7:2
122|The Dude|Big Lebowski|Rock|Tides of Fire|5402383|3289303|35218|1430|Xan|13:1:5
123|Dansdreas|PaperPlanes|Dansdreas|NewDawn|5398543|1725763|61213|558|Ter|1:9:22
124|Zurbarad|asmall planet|zurbarad|xVx|5381518|3302878|34644|330|Cat|2:6:13
125|milk is|my sugar|Juppi|eXilition|5373708|2374608|49985|316|Ter|1:5:20
126|freddy|Krueger|iceman|Tides of Fire|5372915|1163555|70156|877|Xan|6:2:11
127|Reciever|the wakeupcalls|Storm_k|Vengeance|5369152|2801872|42788|1093|Zik|13:1:9
128|DirtyMouth|Fiery|bure|Furious Omen|5364389|2119049|54089|1222|Ter|6:6:9
129|The Only|Course|Migi|Furious Omen|5361663|1542303|63656|782|Cat|5:3:3
130|Zoft Zteel|Zkeet|Traz|Hidden Agenda|5352789|1123329|70491|552|Zik|7:8:10
131|cant think|a good name|bobthe|NewDawn|5345747|1693787|60866|429|Zik|9:2:11
132|PinkFluffeh Bunnehs|Fiery Changed Me|blokelovesfatchicks|Tides of Fire|5334153|731193|76716|479|Xan|12:2:12
133|Cloak|The Covert Agents|Obi-Wan|NewDawn|5324659|2568019|45944|933|Xan|6:6:6
134|Once A Night|Is Never Enough|Bigfoot|NewDawn|5310298|2674558|43929|1175|Xan|6:9:9
135|- Hellraiser -|- Pitch Black -|olle|NewDawn|5303056|4135276|19463|373|Zik|9:2:10
136|Horsemen|the Apocalypse|Bugsby|xVx|5302638|3000258|38389|1001|Ter|11:8:7
137|The Dark Site|of the CTU|Quinn|xVx|5301801|2109381|53207|885|Ter|3:7:11
138|Edwin Vandersmutt|I Love Gooooold !!|Ritch|TGV|5292843|3306723|33102|605|Zik|5:3:14
139|Sword-|-A thousand truths|Psi|eXilition|5290014|3707274|26379|546|Zik|5:3:9
140|sir nubalot|nubhaven|CaptainCanuck|VisioN|5289642|1240002|67508|873|Cat|10:3:1
141|Gengis Kahn|Saladin|BaasB|Orbit|5282514|2388714|48230|929|Zik|4:8:1
142|wibble|woo|carstairs|VisioN|5281712|2317472|49404|1519|Xan|3:3:1
143|Sanity|Assassin|atomic|Furious Omen|5272277|1670477|60030|358|Zik|10:4:2
144|A Starchild|lost nowhere|vd3a|Furious Omen|5257415|1117175|69004|807|Ter|2:2:21
145|Beware|Thieves|Hude|eXilition|5241530|3210050|33858|508|Zik|4:2:22
146|the worlds|biggest loser|mydron|xVx|5240887|3399427|30691|733|Zik|9:10:17
147|JumpingJackFlash|CaoticCity|PEPSI|xVx|5234908|2124028|51848|298|Cat|2:6:14
148|Goobers|Nose|M666|VisioN|5231002|3211162|33664|1276|Ter|13:4:2
149|a shot|Tequila|Cmd_Carl|Furious Omen|5194444|2030464|52733|631|Ter|6:1:2
150|Baby Blue|Bacardi Breezer|liz|eXilition|5167844|2577944|43165|876|Zik|1:5:16
151|Lost City|-A T L A N T I S-|icewind|Furious Omen|5159455|1588795|59511|644|Cat|2:2:11
152|Admiral Green|USS John Stennis|Olympus|Tides of Fire|5156866|1431226|62094|1259|Xan|5:5:5
153|The War|The Sexes|Med-Ion|ROCK|5136399|1010259|68769|556|Ter|7:3:23
154|The Highs and Lows|Acrophobia|Lok|NewDawn|5104181|3043541|34344|363|Zik|9:10:13
155|Tattihippi|Sienimaa|Spetzer|Furious Omen|5085389|2112689|49545|1182|Ter|6:9:4
156|AbuSe|DrUg|nitro|LCH|5082264|607944|74572|505|Xan|4:9:6
157|Hall|Mirrors|Bronto|eXilition|5077964|2229104|47481|1087|Ter|8:1:8
158|????|????|Steve_G|eXilition|5062424|2983964|34641|459|Zik|8:2:8
159|Tui|Mangatainoka|Evil|Tides of Fire|5062047|1945767|51938|1723|Xan|3:2:10
160|Part|A System|D3coy`|eXilition|5029160|2096480|48878|582|Xan|2:6:18
161|Secret Society|Super Villains|Bluey|Furious Omen|5019372|1851912|52791|666|Xan|7:7:5
162|People|Liberty|Stian|VisioN|5019143|2312963|45147|846|Zik|10:5:19
163|Dj_Shadow|BloodOnTheMotorway|Werewolf|Furious Omen|5014258|2492038|42037|1054|Zik|6:10:4
164|Stewie|Griffin|neod|NewDawn|5013544|1550824|57712|660|Xan|6:5:9
165|Diomedes|Avalon|Jonny|[F-Crew]|4996320|847080|69154|971|Xan|4:2:3
166|Requiem|A Dream|Sad|NewDawn|4981869|2208669|46220|420|Zik|6:2:15
167|-=Celestial Dream=-|-=Burning Desire=-|Nazqil|eXilition|4950303|2754783|36592|302|Xan|2:6:11
168|Definition|Good and Evil|Lithium|ROCK|4948913|1517273|57194|398|Xan|9:4:20
169|Deity|the Shroud|LordAlderaan|Hidden Agenda|4928780|1007240|65359|604|Xan|10:7:3
170|I Work|At McDonalds|Stoom!|eXilition|4925382|2772882|35875|152|Cat|9:4:1
171|Round|Hard Work|Viceguy|Vengeance|4916591|2698211|36973|1149|Zik|12:1:4
172|Neophobos|Zeki Prime|Neophus|Hidden Agenda|4915849|1401709|58569|1713|Xan|10:3:2
173|SangDrax of Xanadu|Xanadu|SangDrax|ROCK|4909053|3271833|27287|1256|Ter|5:5:10
174|Bliszsard|Pinaesaan|Sukur|NewDawn|4904296|1069936|63906|637|Xan|6:6:4
175|Signed Up|Late|Nightwolf|NewDawn|4898893|1460953|57299|695|Xan|13:3:9
176|i knew id get 9 4 2|before the shuffle|NitinA|eXilition|4896876|2973456|32057|378|Zik|9:4:2
177|Bashar|Chapterhouse|dan133|NewDawn|4896789|1953849|49049|673|Ter|11:3:7
178|Hellfire|Wolfpack|[MC]Hellfire|None|4887552|1642752|54080|600|Ter|8:4:12
179|5p4c3|1nv4d3rs|Lokie|Tides of Fire|4882538|1110278|62871|916|Xan|4:9:2
180|Vindicator|Fury|junj|TGV|4874224|1310824|59390|726|Xan|9:2:7
181|Ruler|Planet|^MDK^MAN^|Furious Omen|4873930|2777230|34945|952|Zik|11:3:16
182|Roses|Stankonia|DemonatrX|Tides of Fire|4856887|2481067|39597|351|Zik|13:1:12
183|Fate|Norns|keano|Furious Omen|4852537|2277817|42912|636|Zik|5:1:18
184|Immune|Poison|b0nes|VisioN|4829102|1776542|50876|1326|Xan|3:3:3
185|The Seal|SevenSeas|The Seal|NewDawn|4820381|2267861|42542|673|Zik|6:10:16
186|Pink Panther|Inspector Clouseau|JG|xVx|4817718|1872138|49093|446|Xan|4:1:7
187|Stannis|Dragonstone|Stannis|TGV|4817284|894664|65377|748|Cat|4:2:8
188|Big Beaver|A Big Dam Planet|Monroe|LCH|4776998|2210678|42772|1059|Xan|1:5:10
189|Complications|A Teenage Virgin|tek|None|4765019|860219|65080|194|Ter|5:3:11
190|Figment|Your Imagination|Phantasm|Myth|4760369|1419089|55688|776|Ter|7:2:1
191|Shiva|India|Remo|LCH|4755842|1690142|51095|719|Xan|4:2:2
192|Space Cowboy|Red Earth|Alpha|Tides of Fire|4727531|2720291|33454|1577|Ter|11:7:2
193|serenade|Marse|M0shy|Furious Omen|4727153|1881413|47429|1502|Xan|10:5:3
194|TEE|TOTAL|Zoro|Tides of Fire|4718588|2076188|44040|646|Ter|9:4:7
195|The fake sound|progress|Paddy|NewDawn|4714081|1677061|50617|600|Zik|8:2:16
196|whippy|pwn|wipz|NewDawn|4704072|1964532|45659|299|Cat|4:8:13
197|Hard|Evidence|Storm3r|Furious Omen|4703521|1249801|57562|990|Xan|2:6:4
198|Park|SeeSaw|Atlas|VisioN|4699015|1612315|51445|711|Ter|6:5:10
199|Timus|Zoggtech|Timus|Orbit|4697346|1654266|50718|1241|Xan|1:9:5
200|Divine Secrets|The Ya-Ya Sisterhood|RhinE|NewDawn|4694969|1162649|58872|447|Cat|9:2:12
201|Tears|Joy|Zaejii|Tides of Fire|4683132|2140332|42380|681|Cat|10:5:12
202|Bright|Spear|Bazza|VisioN|4668912|2744232|32099|1456|Ter|4:8:4
203|Symphony|of destruction|Muppet|VisioN|4662159|1888719|46292|1530|Ter|1:5:15
204|Kennerator|Eritronos|k3nn|[F-Crew]|4661968|1094188|59463|847|Xan|1:2:11
205|Hidden|Mysteries|Raz|NewDawn|4659344|3392684|21111|984|Xan|6:9:13
206|held|van sokken|herman|Furious Omen|4655542|683062|66208|433|Ter|4:9:18
207|Houses|The Holy|goL|VisioN|4653456|3401736|20862|481|Zik|8:9:1
208|Metu|charon|Metu|xVx|4646867|1417607|53821|770|Ter|11:9:1
209|o_0|0_o|leknu|TGV|4646813|1572113|51245|839|Cat|4:6:23
210|Shadowss|ShadowLand|Shadow-|TGV|4636744|1985464|44188|568|Zik|9:4:14
211|MissPiggy|The Muppets|Dull|Vengeance|4631937|2510757|35353|757|Zik|6:1:3
212|-Endless Nights-|-Watching Over-|magix|LCH|4627543|2802583|30416|544|Zik|4:8:9
213|El Fuego|Eternity|Dauntless|LCH|4627121|3169481|24358|648|Zik|12:2:9
214|empty|inside|lamel|Tides of Fire|4626341|2682941|32390|790|Zik|10:4:5
215|Mini Moose|A Moosey Fate|GiR|[F-Crew]|4625464|180544|74082|381|Xan|4:9:1
216|Quintus Tertullianus|Carthage|Centronic|NewDawn|4603652|369992|70561|574|Xan|11:3:13
217|Azzie|It Begins|Azarak|[F-Crew]|4591766|1766966|47080|765|Ter|8:4:14
218|KingAlanVI|Solaris IV|EmperorAlan|Hidden Agenda|4591247|1413767|52958|499|Ter|11:8:10
219|Erinyes|the underworld|Snake_Eyes|Tides of Fire|4589174|1546634|50709|877|Xan|7:7:10
220|Mozes|Egypt|raketman|VisioN|4581843|682683|64986|329|Ter|12:2:7
221|asiknaR swodahS jD|dooG ximeR syaD xiS|cutulin|VisioN|4567985|233285|72245|522|Xan|2:2:7
222|nO sEnSe|hUm0R|MrManiac|Furious Omen|4563881|1172741|56519|1259|Cat|2:3:12
223|Zeus|Proton|BlueAdept|xVx|4563709|3480109|18060|569|Zik|1:2:5
224|Totaln|Zajebanc|Jurk0|Orbit|4562488|1308568|54232|387|Ter|4:9:21
225|Sardaukar|Caladan|Xan|TGV|4550107|1532467|50294|576|Cat|9:5:8
226|By Moonlight We Ride|10000 Side By Side|Tommy|Howling Rain|4543476|1826436|45284|1270|Xan|5:3:7
227|Penguin|Death|Shev|Furious Omen|4537381|1585621|49196|255|Cat|4:8:5
228|unimportant|unimportant|Ziw|eXilition|4535898|1426158|51829|170|Cat|10:5:1
229|Decoy|Perception|d3c0y|NewDawn|4535823|2656383|31324|637|Xan|12:2:13
230|Grape|Drink|ORBIT FTW|Orbit|4535189|1146449|56479|336|Zik|9:2:17
231|The Man|Your Dreams|Wishmaster|Furious Omen|4531921|1430041|51698|502|Cat|7:3:19
232|copy|this terms exams|catwoman|NewDawn|4523638|1974118|42492|915|Xan|6:9:10
233|Aeonarion|Aeonaria|Lionne|[F-Crew]|4513094|903434|60161|290|Ter|6:1:10
234|Raptor|Battlestar Galactica|Berns|Furious Omen|4512716|2477756|33916|1106|Zik|10:8:17
235|Poht|Ras2|Poht|[F-Crew]|4511495|673055|63974|366|Cat|6:2:4
236|a-Ruler|Never-ending Game|4saken|TGV|4511198|2289998|37020|670|Zik|13:3:1
237|Lonely|Sunshine|Nicole|xVx|4492512|2101392|39868|778|Xan|6:9:22
238|BrockBerry|The Rotten Apple|Digiscent|TGV|4492220|1444940|50802|946|Ter|1:5:17
239|Sarah|Wyoming|barrow|NewDawn|4490965|473605|66956|530|Xan|6:5:1
240|papy|pa|xls|Furious Omen|4488254|2517554|32845|288|Zik|5:4:22
241|Lawbringer|Negation|Furious|[F-Crew]|4485867|1712427|46224|220|Zik|9:5:7
242|MajGen Jack O NEILL|Cheyenne Mountain|Benbig|VisioN|4480581|2226801|37563|817|Xan|6:6:8
243|x2|2x5|x2|VisioN|4478813|1990373|41474|539|Xan|7:4:11
244|Tired Soldier|The Last Stand|Wandows|xVx|4475472|1617972|47625|232|Cat|9:4:11
245|Octane|Fire Ze Missiles|Silence|[F-Crew]|4473584|2892584|26350|882|Zik|12:6:3
246|Bram Stoker|Dracula|Audacious|Tides of Fire|4473436|1167916|55092|475|Ter|3:6:14
247|Super Ted|The Old Skool|ReligFree|Furious Omen|4468131|1288131|53000|762|Cat|8:2:1
248|State|Confusion|denissch|xVx|4465326|3437586|17129|425|Zik|6:6:3
249|DarkPath|Blackness|L^nx|[F-Crew]|4463249|3269909|19889|939|Zik|3:10:17
250|Burning|The Midnight Lamp|Andi|Furious Omen|4459533|1869513|43167|783|Cat|1:5:2
251|Hij heet die pills|in zijn socks|Andthen|Furious Omen|4450710|3239250|20191|898|Zik|9:5:11
252|Leonides|Bravo|Cessess|Furious Omen|4445223|1718163|45451|921|Zik|11:3:10
253|Darkworld|Red Syberian|Dark|Insurrection|4442898|2689878|29231|1188|Zik|13:7:6
254|ZzZzZz|ZzZzZz|Razz|Furious Omen|4434799|1181659|54219|571|Cat|5:1:1
255|The Meissans|the Central Entente|Skyff|TGV|4422299|647819|62908|800|Ter|3:2:13
256|The Dangermen|Madness|Bouygeus|xVx|4420752|1583292|47291|956|Xan|4:8:21
257|Kaia|Gjermund|oblivious|VisioN|4418967|1987287|40528|809|Xan|9:10:12
258|Change|Mind|Crowly|Orbit|4416253|1845613|42844|377|Zik|4:8:12
259|WhiteKnight|Divine Assault|Wk|Orbit|4408589|2750669|27632|1364|Xan|11:3:18
260|Exar|Vortex|Boris|VisioN|4400855|2696495|28414|1221|Xan|3:6:8
261|Peter Crouch|The X Factor|stifler|NewDawn|4399604|2030084|39492|457|Zik|4:7:18
262|I love the work|Thompson and Ritchie|HRH_H_Crab|NewDawn|4397669|1440149|49292|643|Zik|3:10:1
263|Night|Stalker|kirk|xVx|4383054|3037614|22424|676|Zik|8:2:5
264|Thrackan|Cartyca|Thrackan|NewDawn|4378457|1296977|51358|537|Xan|10:4:12
265|KingAragorn|Gondor|Strider|NewDawn|4374353|1276913|51624|528|Cat|9:2:8
266|Masta_Mark|Manchester|Masta_Mark|Orbit|4367972|1038752|55487|684|Zik|6:2:12
267|Bar Stool|The Tavern|bull|NewDawn|4366083|1972263|39897|856|Xan|6:9:7
268|Nakor|Islani|Sanvold|Furious Omen|4365295|1724575|44012|749|Xan|4:8:6
269|Nemesis|Your Nightmare|Ravin|xVx|4353179|1438559|48577|637|Ter|13:1:18
270|Human|deadman walking|CarDinaL|eXilition|4351574|2017754|38897|366|Xan|4:2:7
271|Enemy|The State|DeeTee|TGV|4336633|1020973|55261|416|Cat|4:1:5
272|sheeps|Mozes|dodge|xVx|4329584|1533284|46605|521|Cat|5:5:20
273|Welcome to the world|TopGear Cars|HeartBeat|LCH|4321313|2526473|29928|1170|Zik|6:6:12
274|Hundred Reasons|What Thought Did|Incognito|Furious Omen|4320938|3444458|14608|745|Zik|4:2:19
275|balance|probability|mash|Furious Omen|4316888|2909648|23454|1297|Xan|4:6:19
276|Gorilla|HairyGuy|sebas|TGV|4314056|1035056|54650|662|Ter|13:1:3
277|MattyG|Mattsville|Mighty|eXilition|4312421|1845161|41121|536|Ter|11:7:11
278|Sakura|Drops|Bantu|Tides of Fire|4308540|1655760|44213|1180|Xan|12:1:5
279|-DawN-|-Eternity-|FireFoX|Howling Rain|4305952|3627892|11301|642|Zik|5:10:10
280|trackingPnD|typechallence|koford|Vengeance|4303416|2417436|31433|623|Zik|10:7:5
281|Kazuya|Mishima|VdM|Tides of Fire|4294625|2439545|30918|1173|Xan|10:5:4
282|Prince Nasseem|Hamed|Riddim|NewDawn|4292404|1342084|49172|210|Zik|10:4:7
283|Joaquin Navarro|The Iron Column|Dirte|Tides of Fire|4289137|1711417|42962|378|Xan|9:10:3
284|Woitor|Beuk|woithur|Orbit|4276255|831115|57419|624|Xan|5:5:22
285|kingdom|mine|Looney|Tides of Fire|4274398|1673098|43371|584|Ter|13:1:1
286|Fidelis|Fidelis Land|Fidelis|NewDawn|4272221|2085941|36438|561|Xan|7:9:11
287|Quorthon|Bathory|Kaitsu|eXilition|4268648|1122248|52440|395|Xan|13:3:23
288|Employee|the month|Husche|Tides of Fire|4266571|1021351|54087|228|Ter|12:2:16
289|Smirnoff|Russia|Lockhead|Furious Omen|4255659|1281759|49565|456|Cat|7:3:2
290|Hate you But|Love me hehehehe|Rust|War-Disney|4254666|952326|55039|784|Ter|7:7:13
291|amagdar|dagradon|lilleman|[F-Crew]|4249399|1358839|48176|1107|Zik|6:6:16
292|Pandora|Box|green_cat|Vengeance|4236044|910724|55460|787|Cat|12:1:15
293|omg|zomg|Sjimmy|Vengeance|4232073|2460033|29555|1015|Ter|13:1:8
294|Fruity bubbles|Pink memories|robban|Furious Omen|4225855|1539955|44765|687|Cat|13:7:1
295|Herman|Idols|Sollabolla|Vengeance|4221580|2497060|28742|860|Ter|6:10:17
296|In The Heat|A Summers Embrace|ElmOow|Tides of Fire|4216904|1348184|47812|930|Xan|3:5:10
297|The Eye|Every Storm|demonicus|Furious Omen|4216623|1640283|42939|1120|Ter|2:2:5
298|NODDY|Toy Town|stojke|Furious Omen|4215180|1378140|47321|611|Cat|4:6:10
299|Taxi Driver|Your Nightmares|murder|Tides of Fire|4214852|1645532|42822|464|Xan|5:4:14
300|Jervis|Distrudo|The_Dude|None|4203695|2061815|35698|961|Ter|5:7:9
301|A taste|Skyy Vodka|Cartman|eXilition|4201070|1509410|44861|202|Cat|6:1:5
302|Cabbage of Chaos|Killer Veges|Cyondide|[F-Crew]|4196566|2006506|36501|960|Cat|12:6:9
303|Theatre|Dreams|goldleader|Furious Omen|4183076|1118576|51075|154|Xan|4:9:9
304|I want to be|Exiled|lilboi|Furious Omen|4179512|2275352|31736|1290|Zik|7:7:17
305|itch|shaved sack|Beermonster|Tides of Fire|4177754|1661894|41931|705|Xan|12:2:17
306|Abandon All Hope|All That Enter|Alki|eXilition|4169472|2679672|24830|302|Zik|7:3:14
307|Systematic|Breakdown|K2000|VisioN|4156560|2713320|24054|902|Zik|1:2:4
308|Freak player|observe the attacker|vaigon|Furious Omen|4154144|1368164|46433|879|Xan|3:6:17
309|My Destiny|Become A Noob|leesn|War-Disney|4151840|2384960|29448|1479|Xan|7:2:9
310|X Offender|Rapture|Darling|Tides of Fire|4147949|1605629|42372|1202|Xan|10:3:6
311|Alexandra Hjort|Ridskolan|ND-Marinho|NewDawn|4138189|1712329|40431|722|Zik|3:10:4
312|Book|Hours|Ver|xVx|4137190|1092010|50753|93|Cat|2:3:13
313|Layer|Cake|nisting|xVx|4122829|1732669|39836|818|Xan|9:5:22
314|Gagarini|Clod|spyuzi|[F-Crew]|4119677|1704737|40249|707|Cat|2:6:19
315|Deimos|The Fallen|Scorpius|Dark Legions|4116859|932119|53079|355|Cat|9:4:15
316|Pleidei|matpat|soopis|Orbit|4112076|2005536|35109|1028|Zik|8:2:7
317|Cherry|Waves|Figjam|Furious Omen|4110935|2070395|34009|814|Zik|8:1:17
318|Nussram Fhakir|Megather|Aihal|War-Disney|4108412|3459332|10818|801|Zik|10:8:3
319|General Salm|Defender Wing|Phrazer|Orbit|4104356|1154816|49159|404|Ter|6:5:2
320|oz|omfg|ozzie|Dark Legions|4096020|1047780|50804|277|Cat|6:9:18
321|The long pointy ears|Night Elf characters|Pt|ROCK|4081431|2002731|34645|701|Zik|8:4:3
322|small|small|wielklem|LCH|4078611|1309731|46148|972|Cat|5:3:22
323|Hadhafang|Throne Cleaver|Dansonite|Dark Legions|4078501|2957341|18686|812|Zik|1:9:19
324|You Can See Me|In Your Dreams|S7R-DeViL|Vengeance|4077197|1363517|45228|830|Cat|8:1:19
325|Little Piece|Dangerous Glass|Thex|[BIG]|4074589|1344289|45505|207|Xan|10:5:9
326|Balalaika|Hotel Moscow|Qerr|eXilition|4039224|2182764|30941|286|Zik|6:5:12
327|Mafiya|Planet KGB|Moe|Myth|4036706|2051906|33110|589|Xan|2:6:10
328|The Master|Intelligence|Bee|eXilition|4026821|1719941|38448|373|Zik|7:3:20
329|Metalgod|of Metalheaven|Bernie|[F-Crew]|4009248|995988|50221|484|Ter|13:3:2
330|Planet Closed|Please Mail Admins|[1up]|NewDawn|4003872|1170612|47221|703|Cat|6:9:2
331|Surprise|Area51|Hellboy|[F-Crew]|3999723|1360863|43981|959|Ter|6:10:13
332|Kepper|Realms|MagicShop|[BIG]|3994801|671521|55388|628|Xan|3:7:4
333|nicksta|i have a dream|nicksta|Hidden Agenda|3989362|2102842|31442|1323|Ter|7:8:1
334|Kanagagota|Cherokee|Maximus|Tides of Fire|3979684|2404864|26247|534|Zik|5:6:10
335|Furball|Evil Cough|Furby|Tides of Fire|3966905|2478005|24815|994|Zik|5:5:6
336|Big Bear|The Burial Plains|Kuener|Insurrection|3961098|1584678|39621|436|Xan|10:4:4
337|the grey man|the stone|ssrat|Dark Legions|3949744|1913464|33938|481|Ter|5:7:6
338|Stormblade|Gmax|Iron|Vengeance|3947587|3012967|15577|1123|Xan|2:2:1
339|Fides punica|Lachryma Christi|Idlerlee|NewDawn|3934009|774469|52659|1295|Zik|4:2:9
340|Buns|Steele|bano|VisioN|3927163|1990663|32275|1342|Xan|11:9:12
341|Barristan the Bold|The Kingsguard|qebab|Furious Omen|3923899|1195519|45473|980|Xan|8:2:12
342|ReDemption|SoulS|Artanys|eXilition|3913887|1909707|33403|378|Ter|3:6:6
343|Wrath|Dead|ZX9R|Vengeance|3913453|1517473|39933|267|Zik|6:1:19
344|Ratcha|Midgar|Ratcha|Hidden Agenda|3904736|745256|52658|521|Ter|7:9:8
345|The Shame|Losing|crusie|1up|3895822|376882|58649|196|Ter|1:5:3
346|nuff cuts|shatners bassoon|rodneyy|VisioN|3891213|2598873|21539|720|Zik|10:3:3
347|Amehoela|Nait|Freestyler|NewDawn|3886674|797634|51484|609|Xan|12:5:13
348|Heroes|Might and Magic|FrostyZ|NewDawn|3883924|757264|52111|531|Ter|7:6:12
349|Deoxyribonucleic|Acid|fiskum|TGV|3878163|1486383|39863|481|Cat|9:5:9
350|skeptisk|posten|puwer|Vengeance|3874539|2095779|29646|169|Zik|11:7:5
351|Weeping Pirate|beneath the sky|Felagund|Furious Omen|3870786|1771386|34990|298|Zik|2:6:12
352|YeS i DiD|No I dIdNt|Cisco|Furious Omen|3856926|1739286|35294|782|Cat|5:3:8
353|Do Androids Dream|Electric Sheep?|baguar|TGV|3856168|890068|49437|597|Ter|1:5:4
354|Grendel|Hyperion|Sponge_bob|Insurrection|3845662|1666762|36315|1030|Ter|1:5:6
355|The Why|Fry|Spiney|None|3843676|1868896|32913|473|Xan|13:4:14
356|Trader|Stones|Mistwraith|Howling Rain|3841971|1495731|39104|1080|Xan|7:7:11
357|Johtaja|Planeetta|lizko|Tides of Fire|3841198|877978|49387|192|Ter|4:2:20
358|Kilnak|Uphoria|Knight|Tides of Fire|3841121|828041|50218|517|Xan|7:6:13
359|Waste|My Free Time|Nichevo|xVx|3833336|2400836|23875|225|Zik|3:6:12
360|Willy|Wonka|wacky|NewDawn|3827322|1362162|41086|384|Zik|7:3:1
361|VooDoo love|J9 and Toast|kafka|Furious Omen|3814660|1194640|43667|541|Ter|1:5:11
362|Ultimate Chaos|The Mine|CBA|VisioN|3811836|1171956|43998|600|Xan|10:5:17
363|The Death|You|Ivor|ROCK|3803174|1177814|43756|606|Cat|6:9:12
364|sadness|life|sale|LCH|3798681|1201521|43286|368|Xan|10:4:8
365|pantrax|blue dwarf|pantrax|[F-Crew]|3797743|1692463|35088|610|Ter|13:3:4
366|Fishermans|Friend|Apoam|VisioN|3796755|1842555|32586|839|Ter|4:6:4
367|Sunset|Autumn|Seriena|ROCK|3795742|2622802|19587|481|Zik|4:3:7
368|Afraid|Nymphos|E-Choke|NewDawn|3795349|1128949|44440|753|Xan|11:3:5
369|-End-|-All Hope-|Lonely|VisioN|3791852|1762232|33827|811|Ter|5:10:5
370|Solution|Problems|Exhale|Insurrection|3783050|1784210|33314|1224|Xan|12:1:1
371|The Anvil|Ice|Amnion|Vengeance|3779441|914981|47757|581|Xan|8:9:2
372|Power|oz|Spritfire|NewDawn|3770574|879954|48177|364|Cat|6:5:14
373|Turn|the light|Auto|TGV|3762358|1673878|34808|301|Zik|7:2:8
374|Blades|Steel|Jerven|LCH|3757092|1960932|29936|948|Xan|13:1:2
375|on top|all others|ClimaX|xVx|3754742|2138762|26933|632|Zik|2:2:6
376|Doyler|Doyleland|Jamesy|Dark Legions|3749444|1519784|37175|1174|Ter|5:7:10
377|dreis|brasil|dreis|xVx|3748852|959152|46495|1113|Xan|12:1:8
378|6 Degrees|Seperation|SpaceMonkey|Hidden Agenda|3742477|404077|55640|202|Cat|7:8:9
379|Victim|Society|DannyBoij|War-Disney|3742025|1026125|45279|839|Xan|7:4:3
380|Reign|Terror|TheSpook|TGV|3726999|1955559|29524|678|Zik|8:1:1
381|Want a cup|Hoffie|Spaceman|VisioN|3722623|1713703|33482|434|Cat|4:8:10
382|Hai Karate|Sweet Attraction|HellKicker|ROCK|3720054|1210434|41827|560|Cat|7:2:15
383|system|control|rado|Vengeance|3704154|2936094|12801|525|Zik|12:2:3
384|Xaman Ek|Zoppy|Zokka|Furious Omen|3697398|1771278|32102|876|Ter|1:9:2
385|A glass|Sambuca|pglee|eXilition|3679131|2181411|24962|253|Zik|6:1:9
386|capitaine flame|broccoli farmlands|fard|Tides of Fire|3677923|2183803|24902|647|Ter|13:4:13
387|HTDespoiler|Eye of Torment|HTDespoiler|ROCK|3676980|1345980|38850|899|Xan|1:6:7
388|A Fit|Absent-mindedness|Rob|Ascendancy|3674075|2588195|18136|217|Zik|9:10:2
389|Kicksey|Winsey|rop1964|[F-Crew]|3659042|1849562|30158|780|Ter|10:3:22
390|Tigerbeast|NightClaw|Remby|None|3655274|1604354|34182|316|Zik|3:7:7
391|Red Wizard|Deathlands|MortalP|Furious Omen|3653952|1201512|40874|91|Cat|3:5:3
392|Jaryd|amarid|crotalus|Vengeance|3653130|1991730|27690|658|Ter|6:6:20
393|Mini|Terran|Morgan|Vengeance|3647655|2176935|24512|205|Zik|12:2:2
394|The Harshness|Redundancy|GJN|VisioN|3647359|1580719|34444|526|Cat|7:3:17
395|Giskard|Lunar 1|Kali|Dark Legions|3643968|1305468|38975|665|Zik|10:3:9
396|Its Manbearpig|I am serial|Frosty|NewDawn|3641720|731540|48503|411|Xan|4:9:4
397|Personification|Deterioration|Bloke|Tides of Fire|3641555|1542695|34981|598|Xan|13:7:7
398|Ron Burgundy|The Anchorman|Imperial|[F-Crew]|3639633|1251573|39801|460|Zik|4:8:20
399|Bonaqua|Water source|Vexaz|Orbit|3627398|416438|53516|711|Ter|5:1:15
400|Backbone|The Storm|Alessio|LCH|3626297|1212677|40227|1060|Cat|6:6:15
401|Sagnigius|Baal sucudus|Sagnigius|TGV|3625309|1786489|30661|376|Zik|1:4:7
402|Hitokiri Battousai|the Bakumatsu|"Kenny|NL"|LCH|3622550|961850|44345|313|Cat|11:7:12
403|Carnifex|Septentrionalis|CP|TGV|3614569|1438669|36265|405|Cat|1:5:8
404|DeadOnArrival|ArrivalOfDeath|Flash|xVx|3613262|2474942|18972|274|Zik|5:4:10
405|Act|Desperation|_are_|Vengeance|3612814|680374|48874|596|Cat|12:5:10
406|Fixer|Toilets|Acidictadpole|Howling Rain|3605832|1120872|41416|546|Xan|3:2:4
407|Transcendence|Divinity|milkey|Dark Legions|3604122|822462|46361|307|Ter|5:4:7
408|Pappilon|the name of a movie|Pilatus|xVx|3600257|2320397|21331|806|Zik|7:9:13
409|For The Love|All Great Things|Pathogen|Tides of Fire|3599327|1292687|38444|519|Cat|2:6:7
410|A Pint|Strongbow|Clouds|NewDawn|3594641|932501|44369|647|Xan|2:3:8
411|jambo|Jambarian|Jambo|[F-Crew]|3592754|1254494|38971|653|Ter|11:8:22
412|imback|been gone|big-al|Tides of Fire|3591663|825423|46104|486|Xan|3:7:18
413|Cylon|BSG|Demon1972|Tides of Fire|3575622|2466102|18492|514|Zik|8:4:10
414|A Planet|Munkees|Juice|[F-Crew]|3573029|1147649|40423|645|Xan|4:7:23
415|Owner|a sizable sandwich|Turamarth|Furious Omen|3570140|695180|47916|120|Cat|3:2:7
416|kingdom of|hewen|def-lord|Vengeance|3569793|1442973|35447|356|Zik|12:1:12
417|dub|zorg|eagleon|LCH|3568443|2020983|25791|633|Xan|4:2:16
418|I used to like|This game alot more|KweKweK|eXilition|3568266|1610886|32623|104|Xan|2:6:1
419|Borderline|Personality Disorder|LuciFEARion|War-Disney|3565708|1816768|29149|884|Zik|4:1:8
420|Pablo Escobar|The Cocaine Empire|spira|NewDawn|3563163|1143363|40330|784|Xan|4:9:15
421|namtahP|tenalP sdrawkcaB ehT|Phatman|Vengeance|3551076|807816|45721|345|Zik|2:10:10
422|Duffy|CoDestiny|duffy|Orbit|3542067|1039227|41714|642|Ter|2:3:4
423|dont mess with me|another few months|Sleepless|Furious Omen|3529252|1959172|26168|759|Ter|4:6:1
424|Tammo|Seta|Sergione|[BIG]|3527219|1235459|38196|982|Ter|6:6:5
425|A Fistful|Dollars|Cowmando|Tides of Fire|3522146|1570406|32529|1114|Xan|6:10:5
426|Bingo|Full House|BingoHouse|[F-Crew]|3520932|1047312|41319|881|Cat|1:2:16
427|nex|platform5|correon|Furious Omen|3520007|860327|44328|657|Xan|3:7:13
428|Protector|Forbidden|adjuhh|Furious Omen|3514793|951233|42726|922|Zik|11:3:11
429|In Memory|Steve Irwin|Belly|TGV|3507013|1542433|32743|694|Cat|8:2:13
430|Anakin Skywalker|The Chosen One|Adm. Thrawn|Tides of Fire|3501848|1320668|36373|394|Cat|5:1:11
431|MINSKI|MOSCOW|MINSKI|None|3500960|2040860|24335|782|Zik|6:10:2
432|schwick|Schwickstein|ChuckNorris|Furious Omen|3498986|1310606|36473|566|Cat|6:9:23
433|SB|X-Fi|TBB|xVx|3487818|1831098|27612|460|Xan|3:6:1
434|Boss|the Sticks|poolshark|VisioN|3483405|1684245|29986|583|Cat|12:2:1
435|The Lost Art|Warfare|Cyzada|eXilition|3483269|1363829|35324|286|Ter|3:5:8
436|PA Awards|Best Romanian Act|XceL|VisioN|3474204|1554984|31987|375|Xan|6:2:7
437|Protoss Dark Templar|Aiur|P_D_Templar|Hidden Agenda|3472752|1366692|35101|496|Cat|5:1:5
438|Tuvix|Vulnax|knotpong84|Vengeance|3471703|616603|47627|533|Cat|2:2:4
439|Jockey Full|Burbon|Spng|xVx|3470839|1403119|34462|236|Xan|4:2:18
440|DarKing|Empire|DarKing|Dark Legions|3465406|2028526|23948|583|Zik|7:4:6
441|Basil|Baker Street|adastra|eXilition|3463486|2153446|21834|656|Zik|7:7:9
442|Play|The Day|Mordrek|Tides of Fire|3461919|1269099|36547|751|Xan|6:1:16
443|Anubis|The Offering Fields|Ein|VisioN|3452880|2135940|21949|969|Xan|7:7:14
444|The Game|You Lost?|add|Furious Omen|3451198|957598|41560|408|Xan|1:9:16
445|another day|psychedelics|MaxMilliaN|Furious Omen|3436055|1763735|27872|379|Zik|3:5:6
446|Me!|You!|Peders|ROCK|3425646|1408746|33615|590|Zik|3:7:12
447|DX|RAW|coops|xVx|3424482|2699142|12089|744|Xan|5:1:9
448|Desert|Eagle|Vomit|[F-Crew]|3422235|1391895|33839|853|Xan|3:5:11
449|Cmdr_Sam_Vimes|The_Nightwatch|Sgt_Rob|Hidden Agenda|3421689|1680909|29013|1173|Xan|12:6:14
450|LostDark|Agora|MaGuS|Myth|3419811|1983411|23940|703|Xan|7:8:5
451|phhft|wowzers|ty|[BIG]|3419761|902641|41952|493|Zik|4:8:14
452|Kitten Protector|The Kitten Planet|randal|None|3411896|1938296|24572|1086|Zik|5:5:17
453|Last|The Zikonians|Entropy|Dark Legions|3411422|2395262|16936|857|Zik|4:8:22
454|Brother|Bruce Lee|Collosus|Howling Rain|3403689|1318869|34747|724|Zik|1:5:21
455|Tales|The Crypt|alexis|Furious Omen|3403422|540462|47716|273|Cat|13:1:7
456|Bill_Carr|Ahh_Ahh|rawalan|xVx|3401644|1848544|25885|553|Ter|10:4:13
457|The Tragedy|Getting Paranoid|xAntigonex|VisioN|3400245|419985|49671|260|Ter|3:2:1
458|Naruto|Nha Trang|Naruto|Dark Legions|3395368|1486168|31820|571|Zik|10:8:22
459|Oh!?|Really??|Wolf|Furious Omen|3392142|694722|44957|325|Xan|5:3:17
460|Gonzo|Muppet Land|Watson|[F-Crew]|3390276|1341816|34141|545|Cat|12:6:2
461|The display|my laptop|Clogg|TGV|3374995|1088575|38107|461|Ter|7:2:16
462|Period|Pains|Hellish|ROCK|3373210|1434550|32311|501|Ter|7:3:15
463|Miner|Diamonds|"RR|Away"|Ascendancy|3370995|496755|47904|337|Zik|2:2:3
464|Lucifer|The Beyond|Bashar|1up|3368228|1696208|27924|300|Zik|7:2:23
465|Romling|Ozon|Rom|Myth|3361913|2170913|19850|840|Ter|7:2:11
466|oman|pinkus|topster|xVx|3353087|1164467|36477|887|Zik|7:2:20
467|Corrigan|JLB credit|lazydom|None|3351231|1266591|34744|672|Xan|10:7:7
468|El Zorrador|PIMPlanet|knig|Dark Legions|3337864|1269004|34481|868|Xan|11:9:17
469|123,456|987,654|gasta|NewDawn|3336600|742260|43257|499|Zik|5:5:7
470|valhalla tao|darkest utopia|westy|Howling Rain|3331850|1657070|27913|538|Xan|9:5:10
471|please kill all|the moron xVx noobs|Valle|None|3330875|110855|53667|207|Ter|4:9:22
472|Emporer|The Roman Empire|AndroX|VisioN|3329789|1312889|33615|613|Cat|1:2:2
473|Inhert|Kagerou|Neith^|Orbit|3328947|1271967|34283|654|Ter|10:7:8
474|Bullside|The Solar System|Williams|NewDawn|3322792|691132|43861|543|Xan|8:4:2
475|momentary lapse|REASON_|archangel_|Tides of Fire|3320000|1149320|36178|738|Xan|13:7:3
476|Alpha|Beta|Lanber|VisioN|3317240|1559600|29294|215|Xan|7:9:2
477|Porkyarmy|The Sty|Juffled|TGV|3313489|924109|39823|642|Ter|7:10:21
478|Angel|Fortune|legacy|Vengeance|3310440|1426020|31407|438|Zik|1:2:22
479|Breastfed 9yr old|repressed sexuality|figar|eXilition|3307778|1829558|24637|128|Zik|6:1:12
480|MickeySun|Naboo|Landoo|Hidden Agenda|3303101|791981|41852|533|Ter|6:9:1
481|Azrael|Angels of Death|Ceadrath|[F-Crew]|3301930|878950|40383|269|Ter|10:4:14
482|The stats changes|the appoco dude|GlowDog|Vengeance|3294685|556945|45629|868|Cat|12:1:10
483|Bomber|Homeworlds|TheOneAndOnly|Howling Rain|3286925|2216585|17839|651|Xan|12:6:4
484|Antonius|Konstadinoupoli|nospatony|Orbit|3277355|1881035|23272|607|Zik|11:9:6
485|Relic|Times Long Forgotten|Ngarskel|xVx|3267556|705676|42698|1291|Zik|11:3:9
486|Master the only|Orion|Santrie|Furious Omen|3264496|1702756|26029|612|Zik|5:1:4
487|DragonSoul|HouseOfDragons|SSHades|NewDawn|3263884|1364644|31654|473|Zik|7:2:14
488|summoner|perdition|morpheus|Hidden Agenda|3257047|898027|39317|897|Cat|6:1:6
489|=Cylon-Occupied=|- Caprica -|FeDeRaL_FIN|None|3254907|681807|42885|273|Ter|4:6:16
490|Jolly Sal|Walk Thee Plank|angellinna|InSomnia|3250597|1018177|37207|576|Ter|9:4:19
491|Darts|Ketamine|Gasman|Tides of Fire|3250325|1219745|33843|490|Cat|12:5:5
492|Sapo|Cokas|Gameboy|Furious Omen|3247104|1679544|26126|1000|Ter|8:9:4
493|Blaze|Glory|loktari|xVx|3245470|1262590|33048|462|Xan|5:6:2
494|HunkaHunk|Burning Love|Bullitt|Hidden Agenda|3239976|1910496|22158|675|Xan|10:7:1
495|Dillenger|The Post Express|Excal|NewDawn|3235317|1590897|27407|226|Xan|7:2:18
496|TheLastOne|TheSupporters|Goxx|Howling Rain|3221326|1369726|30863|883|Ter|1:4:23
497|Happy|Peace on earth|tmlea|Hidden Agenda|3220173|2023533|19944|423|Zik|7:9:12
498|General Bleat|Marauding Sheep|Maverick|Myth|3216706|910186|38442|291|Cat|3:3:13
499|tricks|the mind|Pieter|VisioN|3208411|800551|40131|616|Zik|3:2:8
500|Jimbob|Nurullio|Jimbob|Heroic|3200411|1091051|35156|583|Ter|2:3:5
501|The Prior|Celestis|Will Elwood|Insurrection|3200385|817605|39713|851|Ter|6:10:9
502|Corridor|Chameleons|Abort|Tides of Fire|3197844|743244|40910|316|Xan|6:1:15
503|Phantom|Gheena|Aida|[F-Crew]|3197573|1355933|30694|362|Zik|3:2:14
504|Lasarus|Z-11|Las|Orbit|3193641|1161201|33874|673|Ter|7:3:11
505|Gewis|witegenot|Gewis|Tides of Fire|3190567|1181167|33490|601|Zik|10:8:5
506|Darkie|Doom Shaped Blanky|Darknight|Insurrection|3186968|1105448|34692|758|Xan|6:10:20
507|apoc666|ApOc|apocnick|[BIG]|3179688|1874748|21749|714|Ter|12:5:16
508|Tatooine Society|Jawa Appreciation|el username|Howling Rain|3176963|1904183|21213|829|Xan|7:6:10
509|Leonidas King|Esparta|Anakyn|angry angels|3176679|506199|44508|379|Xan|10:5:2
510|latest|arrival|Turbo|Tides of Fire|3175911|1390611|29755|211|Zik|4:9:17
511|Grand Wizard|Whatevers Worthless|mitchbtu|Hidden Agenda|3172697|2350457|13712|680|Zik|10:7:9
512|Theodore|Spicer|Theodore|Orbit|3172556|1595276|26288|388|Xan|4:3:4
513|biodragon|mahcrib|biodragon|Furious Omen|3170707|2030407|19005|617|Zik|8:4:16
514|Salvor Hardin|Terminus|Marka|xVx|3169014|868254|38346|312|Ter|3:3:10
515|Breaking|the habit|IsildurX|Furious Omen|3158899|2192899|16100|310|Xan|2:2:2
516|The Owner|This Orbit|Alferl|VisioN|3156385|1568845|26459|1098|Cat|10:8:8
517|Shots|Rye|fam|[F-Crew]|3145687|1485067|27677|974|Ter|7:3:6
518|Srethgif Nairodnork|Odllaw Lasiram|Walldo|LCH|3144254|1216214|32134|206|Zik|2:10:2
519|Jarofark|Draco Major|Jaro|TGV|3140480|2227880|15210|1013|Xan|10:8:12
520|Erika Eleniak|Hasselhoff Fanclub|Sjor|Furious Omen|3136160|1854920|21354|472|Zik|10:8:19
521|Singularity|A Blackhole|Sin|Orbit|3132441|917661|36913|662|Xan|12:6:1
522|Infernal Memories|Humiliation|DonVito|LCH|3131502|1147422|33068|321|Xan|4:8:17
523|Lesser|Two Evils|highagain|ROCK|3124158|810258|38565|497|Zik|4:6:13
524|your rulernames and|planetnames suck|voodoo|Furious Omen|3113019|1551999|26017|232|Ter|7:3:10
525|Osidiradadumpf|Mythago|Osidiradadumpf|Howling Rain|3111075|1949595|19358|268|Cat|7:6:1
526|Reports|A Cold Winter|Malwin|Vengeance|3109878|757998|39198|525|Xan|10:3:20
527|The Guns|Brixton|danecobain|War-Disney|3106540|366640|45665|112|Xan|9:5:14
528|Pimp|YoRides|Middle|None|3105616|2211916|14895|369|Zik|5:7:4
529|Many Shots|Fine Russian Vodka|Freedom|VisioN|3104204|1870484|20562|759|Zik|10:8:2
530|another one|these days|Rhino|None|3093583|1790983|21710|550|Xan|12:2:6
531|ThE_PHaTNEsS|Yo_MoMMa|nub|Furious Omen|3093376|1720096|22888|373|Xan|3:6:19
532|Can|Coke|Kila|None|3091802|2315882|12932|146|Zik|9:10:18
533|Van Terkel|Norway|Dauphin|None|3088595|1470335|26971|489|Cat|11:7:4
534|Captain Thomas West|Alpha Centauri|D3st|TGV|3079793|1998473|18022|561|Zik|9:5:4
535|Hello|Goodbye|Sexy|War-Disney|3076729|517849|42648|300|Xan|10:4:21
536|Diamond_Jim|Emerald Green|free617|ROCK|3075583|1424983|27510|539|Ter|7:4:9
537|Balrog|Moria|FuManShu|ROCK|3075358|2105098|16171|798|Zik|1:4:11
538|Dalek|Exterminate|Vorput|Myth|3074941|1404181|27846|397|Ter|6:2:3
539|With Hopes|Falling Down|DigitalZero|NewDawn|3071926|907306|36077|343|Cat|6:5:15
540|Just Another Moment|Suicide Bounce|Henck|Howling Rain|3068900|1408160|27695|636|Xan|3:5:13
541|Cherry Potter|Gag Dolls|HeLLsHInE|Furious Omen|3066601|1712701|22565|283|Ter|9:4:8
542|linch grulon|grulonia|linch|War-Disney|3060412|1031872|33809|480|Zik|2:2:14
543|Manny|Iceage|Haz|Vengeance|3055402|1336222|28653|351|Xan|2:2:8
544|Kheops|ainamoR|Kheops|Howling Rain|3044363|2298563|12430|1059|Xan|8:4:4
545|Imhotep|The Immortal|PlayRoy|VisioN|3043345|1437325|26767|677|Ter|9:5:2
546|Maxonian|Dogzonia|Scretch|Tides of Fire|3040087|1454587|26439|383|Zik|13:4:10
547|Ghostmaker|-TANITH-|Sergeant|No Def Today|3034972|1526332|25174|548|Zik|2:6:21
548|Sarous|Arcadia|Sarous|TGV|3031319|1477439|25898|600|Ter|13:8:9
549|gorm|dirtball3|male single 32|LCH|3023369|2277089|12438|420|Xan|6:5:7
550|Demon Lord|The Round Table|Geezer77|Furious Omen|3021516|1901256|18671|506|Xan|3:6:7
551|Irlad|Borlius|Teslav|Howling Rain|3021329|1108229|31901|505|Zik|7:10:5
552|Jamma af Blizz|Blizztonia|Jamma|Orbit|3021256|1152256|31150|1043|Xan|11:8:9
553|Jaguar|Amazon|Althizor|NewDawn|3020678|620078|40024|288|Cat|1:5:1
554|Dj|Mix of the year!|Kampas|eXilition|2998767|1263807|28916|297|Ter|3:2:6
555|Peregrine Took|The Shire|Hobbit|xVx|2991749|1617389|22906|495|Zik|5:6:3
556|Enders|Game|Titos|Furious Omen|2982250|2096650|14760|414|Xan|2:2:10
557|Alexander|The Macedon Kingdom|Buly|NewDawn|2982131|1502291|24664|405|Zik|1:9:14
558|Chromathos|Chromathos Prime|Chromathos|[BIG]|2981933|967613|33572|624|Zik|5:10:8
559|Flush|The Bowl|Hydrax|ROCK|2979458|913418|34434|335|Cat|9:2:2
560|BrOkeN MiNdS|ZiKoNiAnS|RionE|Tides of Fire|2977394|1316594|27709|930|Zik|4:1:22
561|Peeler|Moons|IG72|[F-Crew]|2970902|1750562|20339|408|Xan|5:5:16
562|Heart|Glass|Dissy|Tides of Fire|2968915|1732495|20607|475|Zik|9:4:9
563|Vitto|Viva La Bam|XillveR|Tides of Fire|2955065|999665|32627|686|Ter|12:6:8
564|Richard I|England|Kublai|NewDawn|2951020|1767400|19727|544|Zik|1:4:10
565|Zedster|Anacardium 5|zedster|None|2945722|2158402|13122|975|Xan|7:9:6
566|I didint want to|but they made me|safe|None|2941980|331920|43501|279|Ter|6:2:21
567|Spida|Webs|Spid|xVx|2938340|431300|41810|431|Ter|8:4:9
568|lost art|keeping a secret|by a|eXilition|2934393|1920693|16895|488|Xan|10:5:13
569|Emperor Time|Juxta|bobjones522|Hidden Agenda|2934247|1246147|28135|818|Zik|13:3:15
570|pSyChOpAtH|Explore the Mind of|MobRulz|VisioN|2932871|1164851|29467|984|Ter|10:8:23
571|A Sign|Happiness|rUl3r|eXilition|2927153|1128353|30025|165|Cat|9:10:19
572|Admiral Tuvok|Earth 4279|Admiral Tuvok|Insurrection|2920346|196226|45402|215|Cat|3:2:15
573|The Frayed Ends|Sanity|TonsOfFun|Hidden Agenda|2914828|347308|42792|344|Zik|8:9:14
574|Cross|Sugar|Kitty|Tides of Fire|2913829|923869|33166|514|Zik|10:3:15
575|Who needs|a job|tykerken|xVx|2912122|736942|36253|136|Cat|12:5:1
576|VoldbloV|MibodiM|c13|Howling Rain|2901925|1872325|17174|581|Ter|5:1:3
577|Wasted Commander|Crappy Planet|Beast|Furious Omen|2884376|1023776|31010|441|Xan|2:10:4
578|frosty|winter wonder land|nexiva|Insurrection|2884010|2082530|13358|252|Zik|12:1:6
579|Roll It|Smoke It|XerOn|Tides of Fire|2878922|1051862|30451|205|Xan|11:7:9
580|actos al azar|violencia|aNgRyDuCk|NewDawn|2876087|1362947|25219|539|Ter|6:5:11
581|Strategic Depth|RunningThisGame|dany02|[F-Crew]|2875077|1310337|26079|702|Ter|5:4:1
582|HHH|DX|Hunter|xVx|2874718|994858|31331|610|Zik|3:10:16
583|Crazy Horse|Oglala Sioux|Stalker|Tides of Fire|2873514|923214|32505|259|Xan|5:6:5
584|Raider|Molten Core|n00b|None|2867235|2011455|14263|299|Zik|12:6:5
585|Pariah|Danona|CM|NewDawn|2863764|1172064|28195|349|Cat|3:10:9
586|Rimbo|Rimbas|zukle|None|2861655|1710435|19187|776|Zik|6:10:18
587|Squire|Shadows|angem|eXilition|2859153|924753|32240|90|Cat|9:10:10
588|Survivor|the legends|Giovani|[F-Crew]|2859090|1631790|20455|303|Zik|3:2:2
589|BTsuck|terrible|bitesize|Tides of Fire|2858521|2014261|14098|700|Zik|9:10:11
590|The Last Human|Greyburns|sigding|DAJM|2854106|815606|34046|376|Cat|2:3:2
591|Doomwhale|HotToTrot|Doomwhale|Hidden Agenda|2848499|1599239|20821|804|Xan|7:8:14
592|The Sick Bed|Cuchulainn|StDomingo|VisioN|2839150|845110|33234|718|Cat|9:5:19
593|Exsumed|smook|BIggy|[F-Crew]|2838128|1043768|29906|697|Ter|1:5:19
594|Journey man|Native land|Bombay|Orbit|2833192|848752|33074|507|Zik|11:8:18
595|General Manager|This Graveyard|magian|VisioN|2830548|2330928|8327|378|Xan|6:9:17
596|Djedefra|Abu Roash|mazzelaar|NewDawn|2828875|1588915|20666|313|Zik|6:5:8
597|MegaNubje|Zzhou s finest|XyXmokin|1up|2826376|233476|43225|561|Cat|12:1:9
598|GiantStalker|The Horde|tpb|None|2824078|851758|32872|672|Xan|4:2:11
599|kaninkokern|toyen|Kaja|Vengeance|2820526|762826|34295|318|Ter|8:1:6
600|SirTaurus|Taurus Land|SirTaurus|Dark Legions|2820021|1391121|23815|675|Ter|4:2:21
601|In Regards to Myself|Under�ATH|Dorraj|TGV|2817846|1062966|29248|530|Ter|13:3:10
602|The Life|All Flesh|n3cro|xVx|2814178|787498|33810|334|Xan|3:3:6
603|MEX|Prime|MEX|Hidden Agenda|2813363|1847783|16120|651|Zik|7:9:5
604|Sugar Daddy|SugarBabes|Leigon|VisioN|2811460|1316740|24912|707|Zik|7:4:5
605|Elurin|Freelife|El Pish|Hidden Agenda|2807239|1654039|19220|321|Zik|2:3:10
606|Monolith|Doubt|Libraius|VisioN|2806856|1094336|28542|225|Ter|7:4:1
607|Vaz|Vazworld|Vaz|None|2803246|2474446|5480|424|Ter|1:4:4
608|Way|Gods|Dorwyn|Tides of Fire|2793875|1534295|20993|439|Cat|5:1:7
609|Deadly Sinners|The Night|hellbound|TGV|2793422|770102|33722|550|Xan|6:2:13
610|Order|Unity|GReaper|TGV|2793194|1127774|27757|244|Ter|5:4:2
611|The Joys|XP|Pilgrim|VisioN|2790007|681007|35150|241|Cat|1:2:3
612|The purple stem|a mushroom|STONEKIN|VisioN|2787575|2082935|11744|601|Zik|4:8:3
613|Eragon|Alagaesia|Eragon|Insurrection|2785885|1966945|13649|722|Zik|10:5:14
614|Hairy Donkey|Donkey Farm|Disc|Furious Omen|2783570|1541570|20700|168|Xan|12:2:18
615|Black Fang|Wolvenden Prime|wolf688|Dark Legions|2778717|1662777|18599|888|Zik|6:6:18
616|Bird|Prey|Bird|Hidden Agenda|2778261|2402421|6264|795|Zik|4:6:9
617|shot|Vodka|Gunni|[F-Crew]|2773175|1208135|26084|536|Ter|4:7:3
618|Modified|Corsa C|WScarlet|None|2772913|1783033|16498|138|Ter|3:6:16
619|Defender|Pants|ShiningYoshi|Orbit|2771021|882401|31477|538|Zik|7:3:8
620|Max_A_Buck|Static|Max_A_Buck|Hidden Agenda|2767240|1489840|21290|316|Zik|10:3:4
621|The Holder|A Royal Flush|Gzambo|ROCK|2763039|1421559|22358|319|Zik|9:4:13
622|Don Clandestino|el gordo|fie|Insurrection|2761858|827098|32246|182|Cat|11:9:4
623|Skreeg|Pizazz|Skreeg|Hidden Agenda|2761008|1212228|25813|709|Zik|1:4:13
624|cranky_git|when_tired|BaDD|VisioN|2754435|1949595|13414|634|Ter|4:6:11
625|Shades|Rage|NoWay|None|2750382|1108902|27358|457|Cat|5:7:7
626|Kegan|Eratia|Kegan|None|2747441|1667741|17995|535|Zik|3:6:3
627|vengeance|the chaos hordes|hylands|Vengeance|2735025|268725|41105|203|Cat|4:2:10
628|The Last Best Hope|Mankind|Colax|TGV|2734749|1030629|28402|771|Xan|8:1:15
629|snake|plisken|bojje|None|2728219|321859|40106|428|Xan|4:3:10
630|Ponder|The Attack|a1dutch|Tides of Fire|2716591|1273711|24048|512|Zik|5:3:15
631|Jan Peter Balkenende|the Netherlands|Harm|LCH|2708281|431641|37944|144|Xan|13:8:6
632|Half Pint|Lager please|Pulsar|Howling Rain|2707188|1375128|22201|844|Ter|7:6:7
633|Twinkle|Little Star|Twinkle|Hidden Agenda|2701485|1677825|17061|786|Ter|7:2:17
634|Simply V|Vendetta|Flip|VisioN|2699129|796889|31704|137|Zik|2:10:22
635|Sulu|0blivion|Sulu|None|2696022|1961742|12238|1298|Xan|6:9:8
636|Titans|OmegaRuins|lou|[F-Crew]|2694516|657336|33953|511|Xan|7:4:2
637|Arcalon|Omnipresence|Arc|Heroic|2693581|1889401|13403|477|Zik|2:3:7
638|Unfaithful|Gods Will|sithy|Howling Rain|2685662|1692362|16555|532|Zik|13:8:23
639|High Emperor Buttock|Purple Biscuit Blip|Chufty|Dark Legions|2683374|661914|33691|317|Xan|5:7:2
640|Legions|The Dead|Mustaavalkosta|xVx|2683157|1094237|26482|696|Ter|7:9:7
641|Hugs and Kisses|Dead Puppies|Ezel|Vengeance|2676900|1379460|21656|713|Zik|11:3:15
642|Tyler Durden|The Soap Factory|Waku|NewDawn|2675651|418631|37682|303|Cat|11:3:8
643|cod|sea|burmel|NewDawn|2670355|524755|35760|332|Zik|7:7:16
644|Hawksey|The Big Scarey Place|THK|Howling Rain|2656203|592323|34398|318|Zik|7:10:4
645|phem0r|oomn00mshibi|HeadFuk|VisioN|2655803|1693343|16055|518|Zik|9:5:6
646|Angry|Greek|WreCkeRer|Myth|2654529|1736169|15306|609|Ter|9:10:14
647|JackRyan|RainbowSix|cduff|Vengeance|2648395|1053355|26584|591|Zik|7:8:19
648|lil bit|samba|evedder|NewDawn|2646994|423334|37061|78|Ter|200:14:14
649|Tutti di Cappi|Di Familia|Mentrix|Insurrection|2644738|994318|27507|216|Cat|7:9:4
650|Trial|thisrace|manatwar|[F-Crew]|2641992|1242012|23333|426|Cat|13:7:12
651|Boyz|In Da City|ta-lady|Vengeance|2637147|1579947|17620|627|Zik|8:9:6
652|Trunks|Vegita|Trunks|Insurrection|2631100|1576240|17581|591|Zik|3:7:16
653|Fernandinho Beiramar|Guns  Cocaine|TheKali|None|2631068|877808|29251|296|Ter|5:5:12
654|Im In Need|Some Restraint|MiX|LCH|2623246|770866|30873|54|Cat|13:2:18
655|Ghost|Tom Joad|Mighteh|None|2618748|1216008|23379|126|Ter|9:2:15
656|Bored|This Crap|Judas^|VisioN|2612763|1827303|13091|481|Xan|4:1:20
657|Purple|Disguiss|source|VisioN|2611396|1916236|11586|349|Zik|7:8:8
658|Singer|Songs|Cedlind|TGV|2610462|1418262|19870|626|Zik|8:4:13
659|Oh-greate|garbagehill|expl8t|eXilition|2606838|1110858|24933|466|Ter|10:5:16
660|In Need|Some Loving|darkzidane|TGV|2605321|1147381|24299|461|Zik|7:4:4
661|Cin|Away|Cincinnatus|PATSA|2603961|1861161|12380|407|Ter|1:1:11
662|RED XIII|Xinox|wade|[F-Crew]|2602978|859918|29079|455|Cat|10:7:4
663|rise|power|ichnich|xVx|2598169|670849|32143|187|Ter|1:6:2
664|fatboy|notsoslim|bass|None|2597363|964703|27211|496|Xan|3:3:23
665|_9_of_Swords|10,000,000,000,000,000|Talisman|Vengeance|2587199|1298459|21479|617|Cat|13:3:3
666|Men|Honor|Bradleykins|[BIG]|2583729|784269|29991|310|Xan|3:7:20
667|Doc|Red Cell|Hut|None|2582194|619774|32707|166|Xan|11:7:15
668|The Day|the tentacle|thetentacle|Howling Rain|2578649|872429|28437|706|Ter|8:2:17
669|Sardaukar100|Arrakis|Sardaukar|ROCK|2577946|1601086|16281|222|Cat|3:5:2
670|Evil Wight|The BarrowDowns|Pippin|None|2576032|1360792|20267|231|Cat|13:4:7
671|R02|Clifton|TT|Hidden Agenda|2575808|1942988|10547|1057|Zik|13:7:5
672|Hard worker|BT|HardWorker|[F-Crew]|2574310|607750|32776|57|Cat|10:5:10
673|sHaDoW Br33dEr|Darkonia|angry|Dark Legions|2570383|1781563|13147|446|Zik|5:10:15
674|Agony|My Existence|jupp|Furious Omen|2566085|998885|26120|247|Ter|1:9:9
675|Chief|Staff|Scream|xVx|2553992|1477412|17943|969|Ter|5:3:2
676|The Tears|A Clown|toot|TGV|2551985|703565|30807|240|Xan|4:8:19
677|Lightning|McQueen|spicy|Vengeance|2550460|2098180|7538|726|Xan|7:4:17
678|Any Chance|Another Shuffle?|Synthetic Sid|None|2545591|1670071|14592|322|Zik|3:2:9
679|Mancius|Eva|Mancius|Heroic|2538932|1692872|14101|679|Xan|3:5:5
680|Yoda|the_Jedi_Council|Hitman|ROCK|2534322|1427982|18439|326|Zik|6:2:1
681|Alot|Marijuana|Insanity|xVx|2532383|1333223|19986|135|Zik|1:6:4
682|Art|War|Roid|Vengeance|2531344|955144|26270|119|Xan|11:7:8
683|Assassin|Cerebrum|Obi|Tides of Fire|2526943|1116403|23576|179|Ter|10:5:6
684|Well another round|A wacked out game|JDD|NewDawn|2521869|1686369|13925|87|Zik|12:2:5
685|Space|Cowboy|qSp|None|2521102|281602|37325|190|Xan|4:8:7
686|Robbie Rotten|LazyTown|rotten|None|2519388|1867248|10869|165|Xan|11:4:7
687|Society|Noobs|Death666|ROCK|2516895|887895|27150|639|Cat|8:1:11
688|Sisko|Defiant|Dessenter|Howling Rain|2511851|1071611|24004|180|Xan|11:7:3
689|Sacsayhuaman|Inca|Strait up|Tides of Fire|2509700|433700|34600|111|Ter|5:6:9
690|danger|unseen|enemy|None|2508490|1144930|22726|176|Xan|7:2:3
691|Light|First SighT|ArchAngel|None|2499219|847599|27527|269|Cat|5:3:10
692|its a waste|my time|bigbob|Tides of Fire|2499034|1380214|18647|859|Zik|8:9:3
693|s0und|musiC|Jumper|None|2484824|259844|37083|173|Cat|10:5:23
694|Dictator|Hostility|Garm|VisioN|2481402|1506642|16246|668|Ter|7:7:8
695|Sword|Destruction|Zippor|None|2472957|1594977|14649|408|Zik|7:4:14
696|Hood|The Gates of Death|Rangler|VisioN|2468656|1728916|12329|317|Xan|13:4:3
697|King of Pool|Shotokan|KingofPool|Howling Rain|2464594|1814794|10830|497|Zik|7:10:6
698|NuTz|Trafford Central|NuTz|[F-Crew]|2462707|912427|25838|1077|Ter|7:9:18
699|Stillian|Lucius II|Stillian|None|2456191|2204911|4188|258|Xan|4:7:10
700|Today|Tomorrow|Vikman|[F-Crew]|2453293|1124713|22143|387|Xan|12:1:18
701|The Prophecy|Nostradamus|CAT|LCH|2448629|826229|27040|161|Cat|3:6:13
702|Eater|ChocolateTown|GoMouah|Tides of Fire|2446523|684383|29369|273|Cat|3:3:2
703|torg|zobo|torg|Myth|2440459|802579|27316|617|Zik|5:6:11
704|Swyer|The Undiscovered|Ashes|Orbit|2432108|895628|25608|475|Zik|12:1:3
705|Lost Reflections|Valkyries Edge|Valkyran|NewDawn|2418530|1712270|11771|291|Zik|3:6:10
706|Tow|Mater|dex007|Vengeance|2417743|1577923|13997|516|Xan|2:1:17
707|The Waste|Many Many Hours|Orlandian|VisioN|2407454|2169914|3959|247|Ter|6:9:5
708|tontito|notcat|tontito|Howling Rain|2402056|1184416|20294|476|Cat|8:2:15
709|Poki|Pokilania|Poki|Orbit|2399269|465469|32230|232|Zik|10:5:8
710|Wosh|Ragnaros|Wosh|Hidden Agenda|2396447|712907|28059|90|Cat|9:2:16
711|McVerick|Stargate-1|Mackverick|Myth|2388101|1011161|22949|413|Cat|13:1:16
712|Sun|the Beach|Biggest|[BIG]|2387266|285466|35030|67|Zik|1:2:18
713|Narcosynthesis|Ringworld|Narcosynthesis|Hidden Agenda|2384302|945202|23985|354|Ter|9:2:9
714|Exothermic|Multihunters|Dom|Insurrection|2380019|1079639|21673|546|Zik|3:7:9
715|babycakes|sugarland|scorpion|Tides of Fire|2377313|1156133|20353|498|Zik|7:10:14
716|Stev|Angel Cake|Stev|[F-Crew]|2371159|1164139|20117|446|Ter|5:10:19
717|Run|Forest Run|Lapa|VisioN|2370022|1893862|7936|416|Zik|7:9:20
718|Lord SiDEBURNS|ACiDious|SiDEBURNS|DAJM|2352921|989421|22725|472|Ter|7:8:11
719|Lord Vetinari|Ankh-Morpork|Vetinari|None|2350603|1217203|18890|246|Xan|7:10:3
720|The World|Is Mine|RaDaR|VisioN|2350470|1535070|13590|397|Xan|5:10:7
721|deeJe|deeJes Rock|deeJe|TGV|2341809|966969|22914|343|Ter|7:4:10
722|Big junks|Hatred|DorG|VisioN|2341082|2062802|4638|258|Ter|6:5:3
723|ShadowSkill|Sevarre|Barellron|Tides of Fire|2334019|1052419|21360|549|Ter|2:6:6
724|Supreme Commander|The Asgard Fleet|Magistar|Orbit|2331348|421008|31839|470|Cat|5:3:5
725|The Force|The Virus|HardCore|TGV|2330544|1922604|6799|383|Zik|7:2:5
726|klarin|ajax|qtips|TGV|2326035|1552995|12884|237|Zik|13:3:12
727|Averam|Anserak|Averam|InSomnia|2325790|1254970|17847|827|Xan|6:2:20
728|Hawk|Kinnick|Kismet|Howling Rain|2322594|989394|22220|308|Cat|11:8:2
729|I wear A Hat|No Stupid Licks|DJeteh|ROCK|2314401|929841|23076|209|Cat|9:2:5
730|Spectator|Devine Comedy|Gladiator|None|2311091|1228871|18037|454|Zik|13:3:18
731|Zerocs|P2790i|Zerics|None|2310389|938609|22863|513|Ter|11:8:8
732|Finlay|Greenhearth|bullbars|ROCK|2304714|1216794|18132|331|Zik|6:5:13
733|Aussie Bogan|Melbourne|Adds|NewDawn|2300029|280369|33661|219|Ter|9:2:1
734|LaMuerte|CubanPrime|Bad-Omen|ROCK|2298687|1068927|20496|394|Cat|13:7:11
735|Peisost|Gorgon|Peisost|TGV|2298504|1410444|14801|802|Zik|12:6:16
736|Bezt Blew|Blowstar|Bezt Blew|Orbit|2284243|319303|32749|341|Ter|6:6:19
737|Tired|Work|Kandinsky|TGV|2280286|2008546|4529|456|Xan|8:2:6
738|gaylad|gya|gay|[F-Crew]|2270431|689371|26351|577|Ter|3:3:19
739|lookatall|theredtextonoverview|Zim|Orbit|2269402|1316302|15885|732|Zik|6:1:7
740|Sybrant|Inara|Samikaze|eXilition|2258066|1411346|14112|136|Zik|13:3:7
741|Lrrr|Omicron Persei VIII|Nive|xVx|2257925|1141625|18605|344|Zik|3:4:18
742|The Beginning|The End|Devlin|TGV|2255491|1001071|20907|349|Cat|7:3:3
743|The Prince|Persian|kiLLeR_MaN|None|2243190|324570|31977|264|Ter|11:7:17
744|shadow|nighthawk|eddie36|xVx|2241062|584822|27604|481|Zik|9:4:23
745|FOREVER YOURS|DARK ANGEL|beth31|xVx|2233328|843488|23166|617|Ter|11:3:6
746|i wanna live|your asteroids|Markie|[F-Crew]|2230596|1115376|18587|172|Zik|4:2:14
747|Drinker|Lots of Beer|Wulf|Tides of Fire|2228218|1150798|17957|295|Ter|4:9:14
748|huckle|lover|helly|Orbit|2225116|1339516|14760|484|Xan|1:5:5
749|Minister|Defence|boss|[F-Crew]|2224212|1828212|6600|1137|Ter|10:8:11
750|Velvet|Drasnia|Ptraci|Insurrection|2217989|454169|29397|130|Cat|13:1:6
751|Jaghatai Khan|Mundus planus|Khan|Insurrection|2217287|1704407|8562|485|Ter|1:4:2
752|Sheep|bleeting|Sebos|Orbit|2213695|574915|27313|271|Zik|9:2:20
753|Unknownable|Undeniedable|"B|nTaRa"|Vengeance|2211084|219804|33188|235|Zik|12:5:9
754|You think you know|But you dont!|Lejung|Tides of Fire|2193351|432471|29348|357|Cat|13:7:8
755|Heat|The Moment|PoX|Dark Legions|2189782|518482|27855|387|Zik|2:2:19
756|Knucklehead|Tubbybottom|truCido|TGV|2184363|1578363|10100|127|Zik|1:2:19
757|Frisbee King|The Known World|silver^ace|Tides of Fire|2184160|841180|22383|253|Zik|3:6:4
758|Dorola|Cometior|The_Man|[F-Crew]|2182718|884078|21644|514|Ter|9:5:20
759|The Wrath|A Woman Scorned|Pat|Insurrection|2182359|1085739|18277|220|Zik|5:4:12
760|Archaon Everchosen|Middenheim|Tiger|Dark Legions|2177894|1289894|14800|358|Xan|1:4:6
761|Gorrbug|Tullus|Gorrbug|Myth|2170842|1241922|15482|443|Zik|12:1:16
762|lennox|lewis|lennox|None|2161902|805902|22600|309|Ter|10:7:21
763|Tab|Cola|The-Ghost|ROCK|2150576|939356|20187|275|Xan|9:4:17
764|Lord Scoogums|Hell World|Zimra|[F-Crew]|2148599|801119|22458|409|Xan|11:3:14
765|The Spirit|Yesterday|Zakharov2k|None|2144526|1306746|13963|214|Xan|200:14:2
766|Hair|The Dog|Uthor|VisioN|2144140|1200280|15731|406|Cat|6:6:10
767|Zen|Bodhidharma|Zen|Insurrection|2141740|935260|20108|478|Ter|9:2:21
768|Stane|the entire world|Stanne|Vengeance|2140998|438738|28371|195|Zik|10:3:12
769|simon_w|simons world|mouse|ROCK|2140003|891883|20802|483|Xan|4:3:6
770|The Shadow Out|Time|The_Swede|[BIG]|2136078|550038|26434|136|Xan|3:7:8
771|Random|Random|eb|TGV|2134395|1010955|18724|598|Xan|4:9:19
772|Time|Out|DAD|Hidden Agenda|2132043|1362423|12827|475|Zik|3:5:15
773|Blissful ignorance|a n00b|xplizit|Furious Omen|2125234|944014|19687|303|Ter|4:9:11
774|BribBrab|Kolapta|Jantjuh|Hidden Agenda|2124749|862889|21031|648|Xan|3:10:5
775|Miles|Amytiville|spook|Orbit|2120931|605271|25261|688|Zik|3:7:23
776|Solskj�r|Man Utd|Sayjin|Myth|2119093|662593|24329|210|Cat|7:2:7
777|Raybone|Rinbreos|Raybone|Tides of Fire|2115546|1397166|11973|360|Zik|11:7:20
778|The Brotherhood|The Institute|littlepi|Hidden Agenda|2115123|729963|23086|567|Ter|11:4:16
779|Minters|The Blue Ord|TM|Myth|2110896|922956|19799|449|Xan|13:4:8
780|the slaughter house|of thy rising sun|samwell|Howling Rain|2110746|623646|24785|342|Zik|7:3:16
781|Lopez|La M|lopez|Insurrection|2107311|1663671|7394|376|Zik|5:4:6
782|Giant Rocket|Destiny|SpaceLegend|Tides of Fire|2105869|1516429|9824|271|Ter|10:8:4
783|Jack Daniels|Party Planet|Carty|Howling Rain|2105282|854762|20842|319|Cat|4:6:6
784|Man on the|Silver Mountain|Ice_9|Myth|2104858|1138198|16127|376|Zik|9:5:13
785|Sir Heagar|Morgantown|Atul|None|2104718|790178|21909|245|Xan|6:2:16
786|Nightbringer|Immortal|Daedalus-42|Orbit|2102102|1131962|16169|554|Zik|11:3:2
787|The President|The World|MrPrez|None|2097943|1458823|10676|910|Zik|10:8:14
788|Dark Lord|The Sith|Darth|Dark Legions|2096371|1543291|9259|372|Zik|5:8:12
789|Goaty|Goatearth|Goatku|None|2092032|1643472|7476|215|Ter|12:2:4
790|killswitch|killswitch|killswitch|Insurrection|2090821|1141561|15821|371|Ter|12:5:14
791|Yellow|Snow|Uh|War-Disney|2086612|1824232|4373|551|Zik|1:2:8
792|The search|Identity|vic|None|2086544|883604|20049|148|Xan|8:2:21
793|Sitting Bull|Lakota Sioux|Mav3rick|[BIG]|2081236|747196|22234|324|Ter|5:6:7
794|Master Myrra|Oblivion|myrra|TGV|2066561|1001321|17770|671|Ter|7:7:1
795|Clones|The Neptunes|Replicant|[F-Crew]|2065985|803945|21034|346|Zik|12:6:20
796|Mary Carey|Club Carrie|LORD-NIKO|NewDawn|2063005|1094245|16146|126|Ter|9:4:10
797|Emo toaster|the shining|Runner|Myth|2062886|913106|19163|196|Xan|12:5:8
798|General Maximus|Claims Direct|Smudge|ROCK|2057737|1190917|14447|510|Xan|7:4:21
799|Rogue Trooper|NU Earth|Witcking|Hidden Agenda|2048669|1304909|12414|813|Xan|11:8:12
800|Kevin Bloody Wilson|DILLIGAF|Dr_Zaius|ROCK|2043291|279291|29400|47|Cat|1:2:7
801|Korppu|Hapan|namuseta|ROCK|2034198|1190598|14060|268|Zik|3:5:14
802|110,101,010,010|10,110,100,100,011,100|themast|NewDawn|2023315|843235|19668|246|Xan|1:9:3
803|Brauner|Gelber|dope|xVx|2023232|1199732|13725|890|Zik|11:9:7
804|Atreides|Dune|Diablo|VisioN|2022743|991763|17183|317|Cat|5:4:4
805|van wilder|party liaison|marty|Ascendancy|2020820|1071260|15826|586|Cat|5:5:14
806|Spiders|Venus|Sphyrna|xVx|2011694|782114|20493|338|Cat|11:8:20
807|Physics|Fusion|ChaoticOrder|None|2003831|419891|26399|46|Ter|2:1:9
808|The Love|Drugs|Flamez|None|2003035|236095|29449|94|Ter|11:7:18
809|Piglet|HoneyImHome|nasse|Tides of Fire|1995558|749598|20766|202|Ter|13:4:5
810|DarF|DwAk|Squiz|Hidden Agenda|1986535|903595|18049|509|Zik|9:2:6
811|The JellyHeads|MH|TiTMeister|Dark Legions|1983464|542324|24019|136|Xan|13:2:21
812|Hermit|Sequassen|Apples|ROCK|1982217|1109937|14538|563|Zik|9:2:13
813|Doctor|Blood|Tyroka|ROCK|1981164|665904|21921|124|Zik|7:7:7
814|Legends|the Fall|neily|None|1971010|1015030|15933|210|Xan|6:10:15
815|The First|Many|gazza_dj|xVx|1969053|797553|19525|562|Xan|11:3:12
816|Peach|Fruitbasket|nexsky|TGV|1967807|1221467|12439|638|Xan|1:5:14
817|Crocker|the OPS Room|Perk|xVx|1961469|1604049|5957|540|Ter|200:20:1
818|Arbits|Necromunda|Arbits|Dark Legions|1960904|542264|23658|464|Cat|1:4:5
819|The Dying Plauge|Serious Badgers|Saphi|Myth|1953847|962707|16519|432|Ter|5:1:2
820|Sir Alex Ferguson|Manchester United|Raspberry|[F-Crew]|1953553|1266013|11459|391|Zik|7:3:21
821|Morris Men|Lancre|Thrud|Vengeance|1945313|1227953|11956|189|Xan|12:5:4
822|frozen|layer|nameless|None|1943560|88540|30917|88|Cat|2:2:12
823|Roccosan|Ursomnia|TribalManners|None|1943155|1104175|13983|88|Cat|5:8:4
824|MANATOU|SHAMAN|DD|[F-Crew]|1940872|1293652|10801|285|Zik|13:4:15
825|Dodge a wrench|Dodge a ball|Rocko|[F-Crew]|1939162|1523122|6934|206|Zik|10:8:6
826|Tomblek2|Tomban|tomblek2|None|1939098|1546218|6548|531|Zik|5:1:8
827|The daughter|my mother|MegaNova|Vengeance|1938386|298526|27331|153|Cat|12:1:14
828|SuperBolan|The War Room|Mack|None|1926431|871751|17578|454|Xan|10:4:17
829|Pluto|Duckland|qupi|Vengeance|1923256|256696|27776|81|Cat|12:2:10
830|The wheels|the bus goes round|prin|Tides of Fire|1922042|341522|26342|283|Xan|5:7:1
831|Driver|Security Patrols|Ionferno|Insurrection|1908693|845493|17720|198|Ter|3:10:18
832|Got Caught|XXXXXXXX|riem|None|1904351|813551|18180|375|Xan|8:1:10
833|Akenor|Layes|Akenor|None|1900664|1547264|5890|204|Xan|4:7:4
834|Aduial|Nightsongforrests|StoVoKor|ROCK|1898001|801561|18274|504|Xan|4:3:1
835|The Big Ugly Woman|Your Drunken Night|Linoge|NewDawn|1891607|622847|21146|246|Zik|13:4:4
836|crazy man|crazy tree|Ali|None|1890811|226651|27736|507|Cat|11:7:22
837|Storebo|Apprime|Storebo|ROCK|1889497|435697|24230|258|Ter|10:3:13
838|Default|Planet Name|Teddy_Bear|InSomnia|1885651|440671|24083|186|Cat|7:2:19
839|Never Letting Go|Lost Causes|teknik|None|1878780|797520|18021|152|Ter|10:5:11
840|Thebob|bobsworld|Taiger|Tides of Fire|1877311|951751|15426|237|Ter|5:10:2
841|snakeman|evil|davsnake|[F-Crew]|1869950|1556870|5218|544|Zik|1:4:21
842|Pater Mortis|Necromunda VII|Brute_Force_Inc|Myth|1866432|1374012|8207|386|Zik|8:1:7
843|Sounds|The Sixties|Sover3igN|eXilition|1865762|750182|18593|110|Xan|3:5:16
844|King William|Nemos Land|Sir_Nemo|PFN|1861160|915080|15768|683|Ter|2:3:3
845|Lars �hlund|a distant oil-rig|Arfy|NewDawn|1855408|1055128|13338|97|Xan|11:7:1
846|ComCrap|MacinTrash|MacinTrash|Hidden Agenda|1849540|957880|14861|645|Ter|13:3:17
847|Wat|Crewe|Jupiler|[F-Crew]|1847688|1300608|9118|241|Cat|4:3:5
848|The Falls|Niagara|sid|TGV|1846778|308858|25632|225|Xan|8:4:19
849|Phirana|Is hungry|phirana|Dark Legions|1844247|1638567|3428|586|Zik|4:3:16
850|Carson Palmer|BENGALS|Palmer|None|1843118|504338|22313|18|Cat|3:6:15
851|Sting|A Butterfly|slvador|[F-Crew]|1820544|697944|18710|433|Zik|3:5:7
852|King Robbz|Robb|Robbz|[F-Crew]|1814867|472367|22375|209|Ter|5:5:15
853|Put your hands|up for detroit|Shyne|Tides of Fire|1807325|870365|15616|266|Ter|6:6:17
854|Axis OF Evil|united state of fash|hedobot|[F-Crew]|1806853|407293|23326|682|Cat|8:1:12
855|AdmV0rl0nVI|Therockyoutpost|AdmV0rl0n|ZikUnion|1805414|738554|17781|624|Zik|13:3:14
856|Mrs|Big Head|helm|War-Disney|1802199|895599|15110|289|Zik|13:4:1
857|Coockiemonster|Eating Coockies|Gabba|LCH|1795625|559145|20608|265|Cat|1:4:16
858|The Collector|Eternal Memories|Peacemaker|VisioN|1794595|1490815|5063|88|Zik|4:2:12
859|El Magico|Predatorslair|El Magico|[F-Crew]|1788368|632168|19270|301|Cat|1:9:15
860|Ice King|Frozen Throne|Troll|DLR|1785949|869989|15266|291|Zik|7:4:20
861|Bahador|Zhouguangzhao|Phantomias|None|1784397|148437|27266|103|Cat|7:4:8
862|Zolid|Zurkus|Reptor|Orbit|1783700|725600|17635|304|Cat|2:6:23
863|Proud Member|OMGLAZERGUNZPEWPEW|Nitros|None|1768821|381441|23123|44|Cat|13:8:1
864|A bucket|J�germeister|Foxman|NewDawn|1760635|393715|22782|217|Ter|6:1:8
865|static|solaris|MrTds|eXilition|1755887|1091687|11070|96|Ter|4:3:8
866|The Savage Beauty|The Dawn|Judder|ROCK|1750713|895953|14246|263|Zik|11:4:4
867|Late|Out of the Gate|JDean|LCH|1741296|268716|24543|298|Cat|3:10:10
868|sirenight|i love it|zanetti|None|1733193|679113|17568|120|Xan|1:6:9
869|Iceman|Topgun|MaD_Fr34k|TGV|1728404|821984|15107|246|Ter|7:4:18
870|mersault|hedon|behe|Furious Omen|1725247|940207|13084|101|Xan|5:7:5
871|Sneaky|Spy|Imk|None|1718290|1482130|3936|267|Zik|5:8:5
872|Element|Legion|Element|None|1718016|1132716|9755|360|Xan|11:3:3
873|Drunken Roid|Twelve Beers|Rember|VisioN|1713187|549907|19388|129|Cat|12:2:21
874|Sanctuary|Easterleigh|Murphy|VisioN|1712434|494794|20294|198|Xan|3:4:6
875|Planetarion|Honorable|Toldor|Howling Rain|1710663|585543|18752|345|Cat|3:10:12
876|Paul Artreides|Arakis Prime|Thufir|ROCK|1710161|975101|12251|556|Zik|3:7:15
877|Genie|The Lamp|halogen|xVx|1703446|683446|17000|462|Ter|6:6:7
878|mini moo|momo|hank|DAJM|1695737|1018457|11288|450|Ter|10:7:13
879|Matt Man|Tehan|Matt Man|Dark Legions|1689744|1206264|8058|522|Cat|12:1:7
880|The Science|Selling Urself Short|gaz|War-Disney|1685961|486681|19988|362|Cat|13:1:10
881|Pink Piggy|Trough|pinky|DAJM|1684887|1137327|9126|856|Zik|3:5:23
882|Token|Tokonia|Mini|Orbit|1683175|757855|15422|660|Ter|1:2:14
883|Roll|The Dice|notsure|None|1677638|912338|12755|206|Ter|2:3:9
884|Sphincter|Ripper|The Sphinx|None|1677391|863251|13569|521|Ter|7:7:19
885|Kheldin|Tyr-Manyth|Kheldin|Orbit|1668476|729596|15648|433|Zik|4:8:15
886|fenix_|Solaris_|fenix_|None|1662071|232751|23822|66|Cat|3:2:12
887|Tomstein|Trondheim|Tomstein|Vengeance|1660842|1299222|6027|202|Ter|2:6:8
888|Sort|an Azzhole|Sorty|None|1660677|542877|18630|156|Cat|1:5:22
889|The Majestic Return|Lunar_Lamp|Lunar_Lamp|None|1657016|1319756|5621|322|Ter|8:2:18
890|The Crow|Chicago|The Crow|Myth|1655622|1026222|10490|543|Zik|9:2:18
891|Botman|GameWorld|[Joa]|[F-Crew]|1654963|617023|17299|538|Xan|4:9:12
892|nobody|yo_u|Lapskaus|Vengeance|1651616|749636|15033|246|Cat|11:7:16
893|Alice|Wonderland|Princessa|None|1651531|798331|14220|207|Xan|10:4:6
894|Creator|rollbacks|RageAgainstThem|xVx|1649858|888518|12689|241|Zik|7:10:1
895|The Rebel|Planet Of Death|The Rebel|[F-Crew]|1649588|1163888|8095|301|Zik|1:9:17
896|hlep lol|giev free roid?|crocodile!|eXilition|1645285|871105|12903|219|Zik|5:5:19
897|Panthera Tigris|Your friend|Ulysses_|WolfPack|1643645|889265|12573|196|Zik|9:2:14
898|Therion|Theria|Therion|Insurrection|1641443|1191323|7502|169|Ter|8:2:2
899|Devil|Hell|SOLID|Tides of Fire|1638463|1374163|4405|300|Xan|4:6:17
900|start|uni|MaD|Ridin Dirty|1635704|521924|18563|310|Cat|3:6:9
901|Four Horsemen|The Apocolypse|onceaday|Myth|1632492|1134672|8297|300|Zik|1:4:18
902|GammaRays|Radiation|Gamma|None|1629261|1379481|4163|85|Zik|13:8:15
903|Fields|Ignorance|Talin|None|1628715|626475|16704|57|Ter|200:11:10
904|mPulse|The Real Cydonia|mPulse|TGV|1615231|775831|13990|442|Zik|5:6:18
905|123|xyz|Dawnie|ROCK|1614177|670077|15735|378|Cat|4:1:17
906|Macphisto|Zoo Station|Macphisto|Dark Legions|1610467|1171867|7310|744|Ter|4:6:14
907|Oh My God!!!|You Killed Kenny!!!|Nimpimpy|Only Gay in PA|1609231|654871|15906|141|Zik|3:2:22
908|Ozman|Oztralia|Suggs|ROCK|1608764|729104|14661|202|Ter|13:7:23
909|11|22|Laffen|[F-Crew]|1605682|1085182|8675|126|Ter|10:8:9
910|the sith|gordo|sith|[F-Crew]|1596777|280497|21938|108|Cat|10:5:7
911|DarkLord|Draconia|Draconian|ZikUnion|1595895|984255|10224|413|Zik|7:9:3
912|Magnus Dahlenberg|Vienna Corporation|WhiteSnake|None|1593178|546958|17437|61|Xan|8:1:14
913|In A World|My Own|KMM|VisioN|1589600|565100|17075|219|Xan|2:2:20
914|hulabaloo|ballohulaa|humhum|[BIG]|1586889|979509|10123|183|Cat|3:7:5
915|King Why|Bots Dont Cry|Kid Z|NewDawn|1582517|735317|14120|87|Cat|200:3:14
916|Kutabare|Edo Tensei|krille|Vengeance|1579185|1201245|6299|459|Zik|12:6:17
917|Xellent|Swiss|Leinad|None|1573686|780786|13215|114|Xan|4:9:10
918|Pelletier|Carcassone|Epcylon|Howling Rain|1573542|1294722|4647|100|Xan|7:2:10
919|kindonian|kindonium|kienneman|Hidden Agenda|1562584|1330564|3867|364|Zik|6:9:20
920|StPeter|Loveplace|deZz|None|1555672|744172|13525|132|Ter|13:4:6
921|chakotay|CrossCountry|dave1988|xVx|1555466|1322786|3878|398|Zik|4:1:15
922|Defenders|The Earth|Hawkeye|Bline|1551723|1137243|6908|443|Cat|1:2:17
923|Blacce|Blaccoon|Blacce|War-Disney|1550252|1129772|7008|285|Ter|1:9:12
924|HQ|Logistics Support|Devonian|LCH|1547274|1021014|8771|272|Cat|5:10:11
925|SiMpLeToN|SiMpLiCiTy|Falling_Star|Tides of Fire|1547231|523931|17055|352|Xan|13:7:4
926|Evil_Doomknight|The 6th Gate|Doomknight|Vampire_Dojo|1542891|657951|14749|255|Cat|13:6:18
927|Jerry Garcia|The Greatful Dead|panick|pa shit now|1540828|327928|20215|414|Cat|6:10:14
928|The true meaning|Perfection|Tesla|Ascendancy|1539787|976027|9396|199|Ter|2:2:18
929|Alpha98|DaddysWorld|Alpha98|Hidden Agenda|1538368|405508|18881|160|Ter|5:3:21
930|Mechanical|ArM|Grubby|ZikUnion|1535072|1090892|7403|313|Zik|13:3:13
931|Slave|The Wage|Killmark|None|1534216|614356|15331|86|Xan|200:18:13
932|Arno|Arnion|Arno|None|1527409|838309|11485|262|Ter|11:9:10
933|Accidents|Happen|JT|Heroic|1527109|802849|12071|400|Ter|5:5:8
934|XXxuanXX|Paradise|Littleone|Hidden Agenda|1526836|694876|13866|285|Ter|8:9:22
935|Vincent Vega|Pulp Fiction|Mek|InSomnia|1522908|543588|16322|496|Xan|9:4:22
936|Deceiver|Tomb world|HOKUM|Vengeance|1518566|205586|21883|70|Cat|3:4:12
937|Inside My Mind|Groove Armada|Toppie000 = TheDude|None|1517939|926939|9850|256|Xan|5:3:6
938|The Last Member|The Frying Dutchmen|Supergans|ROCK|1517559|530019|16459|54|Cat|10:5:15
939|not worth|attacking|Candyman|ROCK|1513499|776819|12278|298|Ter|9:4:3
940|Lord|Despair|GeN|xVx|1511315|725195|13102|402|Ter|8:1:18
941|pickello02|nimitz|ghost|xVx|1510984|100864|23502|127|Cat|11:9:21
942|RYU|Mix-terenuri|Cristi_mix|[F-Crew]|1506106|436186|17832|500|Ter|1:6:8
943|Twinings|London|tolky|None|1502303|1295603|3445|303|Zik|6:10:11
944|BrodaY|DrugRock|DrUgBrodAY|Insurrection|1500098|644798|14255|396|Ter|7:6:11
945|Cursed children|The forbidden city|Savra|None|1498800|1387260|1859|332|Ter|13:7:14
946|Cassius|Imperati|terazok|None|1497983|756083|12365|518|Ter|5:7:11
947|Voulez-vous coucher|Avec moi ce soir|Myztica|VisioN|1493753|1024733|7817|130|Ter|5:10:4
948|Deck Master|Malazan|Reincarnate|Malazan Empire|1488572|1037672|7515|223|Ter|8:4:18
949|Roland|The Dark Tower|ironchef|None|1484759|705899|12981|339|Zik|5:7:8
950|Snizzle|Snizzling Apes|Snizzle|None|1483981|976921|8451|155|Zik|8:2:3
951|Herman_Li|Thru_The_Fire|pets|None|1476772|888832|9799|397|Zik|3:2:17
952|Lord Anthor|Anthon|Anthon|Myth|1472283|1025343|7449|552|Zik|4:3:19
953|raiyan|aramia|raiyan|Hidden Agenda|1466229|770169|11601|214|Ter|11:3:17
954|with the loss|life s pleasures|Odihnitoru|eXilition|1462435|330415|18899|52|Cat|13:1:4
955|Private Fears|Public Places|Rinoa|None|1457192|257552|19994|182|Cat|10:3:19
956|Sick|Plan3tarion|[Unknown]|None|1455983|811703|10738|331|Ter|13:3:16
957|Vaspasianus|Terra Nova|TBO|ROCK|1453373|466073|16455|99|Ter|7:8:17
958|I Own Most|The Universe|Woodie|Heroic|1452587|1036367|6937|386|Zik|13:3:6
959|Mezarkabul|Anatolia|Conjurer|Tides of Fire|1448464|770464|11300|184|Ter|4:3:13
960|Vinnie Van Lowe|Hearst College|Wakey|[F-Crew]|1447993|1119133|5481|45|Xan|4:1:10
961|You Want|Happy Ending?|Lethal|Tides of Fire|1447036|424816|17037|157|Xan|12:1:2
962|Snaga|Snagatarion|Snaga|Tides of Fire|1422781|569941|14214|198|Ter|5:6:12
963|Maskaler|Pweedle|Maskaler|[F-Crew]|1421138|484418|15612|364|Zik|6:2:9
964|hog|forest|komuna|None|1420910|606290|13577|635|Xan|5:1:19
965|Celebi|Pokeworld|Alpz|xVx|1416715|1031695|6417|212|Zik|9:10:22
966|vanney|dubbo|vanney88|Myth|1416414|871074|9089|393|Ter|12:6:18
967|biggsey|obscure yogurt snack|biggs|Dark Legions|1416392|831392|9750|491|Xan|4:7:12
968|Blast|the past|Dead_Ops|VisioN|1408234|830674|9626|356|Ter|1:9:20
969|Glimmer|Hope|-TPM-|TGV|1406007|832527|9558|209|Ter|8:4:7
970|Goran Ivanova|Nomadia Prime|Goran Ivanova|None|1400402|1231142|2821|378|Ter|13:4:20
971|Red Dog|Dinamo|Red Dog|None|1398439|481819|15277|304|Xan|12:2:20
972|Playmate|Hugh Hefner|Ertai|Tides of Fire|1397558|446258|15855|164|Cat|13:2:13
973|ganzzz|negam|ruitenwisser|LCH|1389811|269851|18666|56|Zik|11:7:13
974|Avast me mateys|yarr pirate treasure|Ikhnaton|None|1384978|609538|12924|63|Cat|3:3:5
975|Slasher|Earth3|Spectre|Dark Legions|1384321|1041361|5716|424|Cat|5:5:11
976|Kaosu|The Darkside|kaosu|None|1379627|1000067|6326|444|Ter|6:1:11
977|Thrawn|Chimera|Thrawn|None|1379249|1182869|3273|300|Xan|3:6:21
978|Ark Reaper|Middle of nowhere|Hutchi|None|1377785|762485|10255|292|Ter|2:1:15
979|-=King=-|-=Kings=-|SuperJoe|NewDawn|1376022|924762|7521|182|Zik|4:8:16
980|supermann|kryptonn|LordCball|Myth|1372916|1104296|4477|378|Zik|8:9:18
981|Spectre|Primarilus|Ace|None|1372686|1126326|4106|381|Ter|4:1:16
982|Napoleon|LV-426|Napoleon|None|1370740|793780|9616|564|Zik|12:5:2
983|Flesh|The hand|Nortrend|TGV|1369257|756237|10217|126|Xan|6:6:14
984|one87|stratos|one87|ROCK|1368585|632745|12264|135|Zik|3:7:14
985|Appocomaster|Canterbury|Appocomaster|PATSA|1368177|634677|12225|343|Ter|1:1:12
986|Blueball|A33|moo|None|1365105|1192785|2872|318|Zik|2:1:8
987|dude|The Big Lebowski|Pelennor|ROCK|1363054|900514|7709|144|Cat|4:7:1
988|Down Wanton|Down|bos|None|1362226|748726|10225|147|Ter|4:3:2
989|kiwi_avenger|kiwiland|kiwiavenger|None|1361734|1061554|5003|428|Zik|5:1:10
990|Arsene|Lupin|McCap|ROCK|1359242|548882|13506|249|Cat|12:2:8
991|-=Alitha=-|-=aDistantStar=-|Sunnie|VisioN|1357548|708288|10821|97|Xan|1:2:10
992|Klinkenputzer|Friedenszentrum|Sengir|None|1349469|324789|17078|43|Cat|6:5:6
993|Knight Xzindor|In Solidum|"G|afk"|LCH|1346071|531211|13609|483|Ter|13:8:16
994|Never underestimate|The power of truth|Kaifux|eXilition|1344897|227877|18617|9|Cat|2:10:21
995|A State|Trance|Asot|ROCK|1340776|379936|16014|262|Zik|7:2:6
996|LayzieBone|BoneWord|Layzie|Insurrection|1338967|898807|7336|265|Zik|4:8:18
997|The_Power|The_Beard|Ging|[F-Crew]|1336672|430312|15106|270|Xan|1:2:9
998|Membrivio|Goorechts Membrivia|Madmem|ZikUnion|1334230|1048690|4759|755|Ter|7:9:15
999|Andoni|Falasteeny Mountains|Andoni|None|1323086|814046|8484|326|Zik|200:17:5
1000|miki kozue|manaka|ideliveru|Dark Legions|1319375|1001675|5295|428|Ter|4:3:3
1001|Porcelina|The Ocean Deep|demiGOD|[F-Crew]|1318479|535419|13051|274|Cat|13:7:9
1002|Serenity|Qwerty|Athen|Hidden Agenda|1318383|306423|16866|174|Zik|1:9:18
1003|Full|Suprises|TiNE|Howling Rain|1316415|1128315|3135|200|Xan|12:6:6
1004|nickfury|Sheild|punisher|Myth|1314450|743490|9516|677|Zik|11:8:3
1005|Hasselhoff|PIPEX Broadband|Assassin|NewDawn|1312714|644074|11144|438|Xan|7:4:12
1006|jellylee|planet of jelly|lee|Orbit|1311038|960278|5846|481|Zik|10:3:21
1007|duke|hazzard|sheriff|None|1305723|792423|8555|222|Xan|11:9:11
1008|Spirit|A Knight|Spirit|xVx|1304843|725843|9650|88|Ter|2:1:3
1009|leader|this planet|jimmy|Hidden Agenda|1294653|825093|7826|444|Zik|2:1:7
1010|Big in Japan|Alphaville|frostbeule|Dark Legions|1291955|877655|6905|129|Xan|5:4:9
1011|dEAd_mAn|No_SuBsTaNce|goffer|Insurrection|1289917|1112677|2954|120|Zik|1:4:14
1012|KorpusDilekti|Artaurek|Korpus|None|1289602|1117042|2876|450|Ter|7:6:5
1013|Apple|Pie|josh|TGV|1288479|778299|8503|159|Cat|6:6:11
1014|Guerrero|Floripa|Guerrero|None|1288203|573423|11913|52|Zik|3:1:13
1015|Kal El|Krapton|Goaty|Vengeance|1287090|1066410|3678|200|Zik|13:3:5
1016|Lando|Bespin|Gulfa|Insurrection|1286940|1134900|2534|225|Ter|4:6:2
1017|Kounga|Dogma|Dildo|Hidden Agenda|1283561|818741|7747|226|Xan|10:3:17
1018|Complete|Nubje|Bible|None|1281261|363861|15290|36|Xan|12:5:3
1019|Recollection|Amnesia|ToxicMonkey^MZC|Tides of Fire|1280912|354992|15432|256|Xan|9:5:15
1020|Meji-Akujin|Guardian|Fabolous|None|1280766|1189326|1524|300|Ter|13:7:20
1021|AsianHeat|IfAsiaWhereAPlanet|HunterKiller|Hidden Agenda|1276601|238901|17295|164|Cat|3:3:18
1022|Havarr Rill|M k sharr|SlashTech|None|1273320|781500|8197|343|Xan|11:4:14
1023|Shogun|Help|MCpt|None|1268290|872710|6593|610|Zik|12:6:12
1024|roditis|darksonic|darksonic|Insurrection|1258104|694824|9388|259|Zik|12:1:13
1025|Arthuras|Hadrens Wall|Benne|-Benneton-|1257461|289121|16139|161|Cat|10:3:23
1026|Stevie13|Planet Amsterdam|Stevie13|Rebel Alliance|1253388|1141728|1861|245|Ter|200:20:13
1027|Telamacus|Sapranzia|Za-Hadune|Orbit|1253063|747323|8429|191|Xan|13:4:19
1028|Sir Brightblade|Malkeir|nooblovr|None|1252183|624643|10459|237|Xan|13:3:19
1029|Arkala|Wolfdon|Ark|None|1249185|834465|6912|372|Ter|7:9:1
1030|Chaos|Scientific|delerium|n00bsrus|1247335|895855|5858|270|Zik|11:8:16
1031|Supreme Being Welty|Mabinogion|Gumby|Dark Legions|1241050|623890|10299|491|Xan|7:6:16
1032|The Dawning|A New Day|Watto|xVx|1240833|824733|6935|170|Xan|8:4:23
1033|-VH- RaVenous|JungleDnB|RaV|[BIG]|1239811|697051|9046|278|Cat|5:10:14
1034|IWasBorn|ToBeFree|Nostradamus|None|1231104|1094004|2285|289|Ter|7:10:8
1035|More Turk|Planet of the Olives|P Rapist|None|1230978|780918|7501|348|Ter|13:7:21
1036|Quarg|Cheesy Poof|Quarg|None|1225611|1016451|3486|155|Zik|1:4:20
1037|festung|stein|unger|None|1224388|816808|6793|106|Cat|3:10:2
1038|benny|ziggy|benny|Hidden Agenda|1217507|966167|4189|427|Ter|3:10:3
1039|ghaspar|snuffit|ironic|TGV|1212300|733140|8008|396|Zik|7:2:22
1040|Kart|felchen|tintifax|ROCK|1212212|834752|6307|150|Xan|11:4:9
1041|found the buscuits|twas much rejoicing|thomus|Bline|1210756|948376|4373|327|Ter|8:2:9
1042|craZypyro|Pyros Planet|nero|xVx|1209173|474233|12249|27|Ter|3:1:14
1043|KoKo|KoKo|555|None|1206323|892343|5233|133|Zik|8:10:10
1044|Amazeroth|Scientia Incerta|Sarkhanemnor|None|1205825|787865|6966|78|Ter|200:13:8
1045|Patovolador|Patos Salvajes|patovolador|None|1201117|1102657|1641|396|Ter|10:8:16
1046|Cerberus|Hades|Cerberus|None|1198826|1047026|2530|274|Ter|3:7:10
1047|Dr Smith|Lost In Space|Davidsr|Furious Omen|1198105|520225|11332|60|Cat|12:6:10
1048|Boogieman|Acheron|Boogieman|None|1197091|816991|6368|382|Cat|6:9:16
1049|sproglett|andrews place|andy|ROCK|1183583|673283|8505|109|Zik|1:6:15
1050|yoga|bidda|yoga|Orbit|1182797|1011797|2851|380|Zik|1:5:12
1051|TheMaster|Disguise|MadwoG|NewDawn|1178571|586191|9873|256|Xan|1:9:7
1052|tobbeliten|intergalactica|tobbe|rainogthob|1170759|645519|8754|698|Cat|6:5:18
1053|no clue|anything|Creature|None|1166889|530169|10612|43|Xan|13:6:7
1054|The Breath|All Evil|Pommeh|None|1166247|620247|9100|210|Xan|12:1:20
1055|Meifumado|Devil_Orifice|Meifumado|[BIG]|1160323|1050163|1836|550|Ter|3:7:17
1056|Red-Light|District 16|Everest|ROCK|1159421|545861|10226|386|Ter|6:5:17
1057|Origin|Symmetry|Patrikc|None|1158376|966436|3209|355|Xan|13:7:16
1058|Bottle|Glenfiddich|bolt|Tides of Fire|1154789|778289|6275|286|Zik|5:6:1
1059|Desolace|The Barrens|Desolace|None|1154789|862649|4869|534|Xan|8:9:11
1060|The Shadow|Death Fog|Zero^Cool|Vengeance|1154294|479714|11243|121|Zik|6:2:14
1061|COMANDO|OMDA|OMDA|None|1152612|1035672|1949|231|Ter|5:1:23
1062|1926 Bentley|Crowely|Kieker Jan|ROCK|1152184|1014844|2289|114|Zik|7:2:21
1063|FISTFORCE|SHELLEY|RAY|None|1148207|787607|6010|203|Ter|13:4:12
1064|Mahatma Gandhi|Satyagraha|ph|None|1147847|268727|14652|24|Cat|200:20:12
1065|EvilTheCat|Heck|Harada|None|1144055|881975|4368|219|Ter|11:9:20
1066|Freddie Mercury|Queen|AkMaster|LCH|1141828|782428|5990|150|Ter|4:2:4
1067|Okapi|Cerian|selly|Hidden Agenda|1141021|616321|8745|112|Xan|3:5:12
1068|Force|Habit|force|None|1140964|601984|8983|102|Cat|3:4:11
1069|Spartacus|Romanus|Spartacus|None|1127632|950932|2945|636|Ter|10:4:3
1070|Peppes Pizza|37 - Deeper Love|ruant|TGV|1126644|480924|10762|99|Xan|200:7:10
1071|idoes|rules|Neo|None|1126258|1024918|1689|297|Ter|5:1:14
1072|weavs|Devils Lair|devils21|ZikUnion|1119765|931725|3134|349|Zik|5:6:6
1073|Tinman|PudpUdD|AL-B|Insurrection|1113342|792042|5355|184|Xan|5:3:1
1074|the services|our ISPs|WesseH|Vengeance|1112832|783072|5496|155|Zik|8:1:16
1075|DEVILS ADVOCATE|RELMS OF HELL|DEVILS ADVOCATE|None|1112589|220569|14867|511|Zik|3:5:17
1076|Flakx|Entity|Flakx|Insurrection|1112244|813144|4985|357|Zik|11:9:2
1077|Point|No Return|meddy|None|1110825|602565|8471|72|Xan|8:10:9
1078|spartak|cradley|spotty|None|1110280|998380|1865|238|Zik|12:6:11
1079|Cheese|Milk|Antjie|ROCK|1109345|681305|7134|245|Zik|2:3:6
1080|Twilight Shadow|The Mortal Coil|Mystra|Hidden Agenda|1104744|390024|11912|260|Cat|7:6:22
1081|akyritee|exterion|csillag|[F-Crew]|1103552|467132|10607|459|Ter|7:10:13
1082|Jim Taggert|EUReKA|drinking|TGV|1102720|479620|10385|168|Xan|13:3:8
1083|thunder|flash|stryker|Hidden Agenda|1102172|686132|6934|411|Xan|7:6:8
1084|todd|eagles|Phlunk3|None|1101722|918482|3054|175|Ter|10:4:10
1085|Eternal cosmos|the moonkingdom|cosmos2007|Orbit|1100018|694418|6760|315|Zik|6:9:11
1086|phreakmunkay|b0rkeloid|munkay|None|1099471|936811|2727|262|Ter|6:2:19
1087|salvebaggio|World Peace|salvebaggio|None|1099443|926823|2877|559|Ter|11:8:19
1088|are YOU scared|THE SHADOWS|Borg|None|1098698|201878|14947|515|Xan|7:2:13
1089|Stargazer|Terra Proximo|larsen|None|1098463|765283|5553|375|Cat|10:3:7
1090|Legacy|XelNaga|Cesarion|None|1097945|686465|6858|320|Ter|7:9:10
1091|Skilgannon|The Dammed|Reknak|xVx|1095255|695175|6668|214|Zik|7:7:22
1092|somesay|hermetic madness|_phil|Myth|1093084|894904|3303|230|Ter|4:7:2
1093|Dayglow|Orange|Gandalf|Howling Rain|1090846|772906|5299|206|Ter|11:7:6
1094|Nippur|Lagash|Mercenario|None|1090133|863333|3780|244|Ter|5:4:5
1095|from jamaica|full of weed|reiner|None|1085649|306549|12985|412|Zik|200:8:7
1096|Exothermic|Reactions|Exothermic|PATSA|1084877|855737|3819|171|Zik|1:1:9
1097|Monote|Mono Land|Mono_Mario|None|1083828|904608|2987|188|Zik|2:10:8
1098|CptKremon|Kremon|Krem|None|1082844|881304|3359|359|Ter|5:6:14
1099|optimus prime|cybertron|stato|None|1082331|639651|7378|450|Zik|10:7:19
1100|Euraxy|Campino|spitzy|None|1075342|745882|5491|505|Ter|10:3:18
1101|In Fear|The Multihunters|Danners|ROCK|1071355|568015|8389|92|Xan|12:2:11
1102|Vendor|Comic Books|ruler|None|1069551|830151|3998|252|Ter|7:9:17
1103|The sight|a blurry world|[BaD]Zillion|ROCK|1069470|909450|2667|277|Zik|7:6:14
1104|Mango|Fruit Bowl|Mango|[F-Crew]|1068687|783087|4794|307|Ter|3:2:16
1105|Kefman3005|KEFLAND|pankster|None|1066606|640726|7098|480|Zik|13:1:13
1106|Gum|The Bum|Nadar|Ascendancy|1064725|943645|2018|66|Zik|9:5:3
1107|King Agentis|Kenmore|Agentis|None|1062867|597927|7749|418|Ter|5:7:3
1108|Monkeybum Pancake|100W Bayonet Bulb|p00|None|1062415|866575|3264|422|Zik|3:7:19
1109|Lag_Boy|Lifes A Drag|Lag_Boy|TGV|1058250|620310|7299|933|Ter|11:9:16
1110|trying up|for new round|nerdplusoominusd|VisioN|1056039|921579|2241|618|Zik|11:9:18
1111|Shadows|Misdirection|banky|Bline|1052592|822552|3834|275|Xan|4:6:3
1112|Zangetsu|Kurosaki Ichigo|BSE|None|1050214|810634|3993|103|Ter|8:9:9
1113|Allen008|Planet008|Allen008|None|1049184|496524|9211|411|Cat|5:8:10
1114|Sweet|Lemonade|Tusk|Myth|1045659|810699|3916|236|Ter|11:3:1
1115|Krase|Tin Fleets Due|Kenny|LCH|1044805|184945|14331|616|Cat|12:2:15
1116|WeAintNevaScait|HouseOWaffles|eh?|None|1042588|631348|6854|244|Xan|13:4:18
1117|Zirzalius|Puodyne|Ell-Bee|Hidden Agenda|1039064|573584|7758|174|Zik|8:4:5
1118|fast|lane|blee|None|1038436|603376|7251|351|Zik|2:6:22
1119|Mag|Ziks Hmeworld|Mag|Tides of Fire|1036950|949290|1461|233|Zik|11:9:3
1120|mulika|mulika|dencike|ZikUnion|1034461|519601|8581|488|Xan|4:7:13
1121|cattitude|walhalla|cattitude|None|1031283|914403|1948|160|Zik|2:3:15
1122|Gimmick|Sketchland|Poccy|None|1030290|591810|7308|417|Zik|13:4:22
1123|Obeyor|Obeyors World|David|(FirstAlliance)|1029026|608966|7001|439|Zik|10:7:15
1124|Touch This|Dont Tell Mommy|Ped|None|1024545|800985|3726|81|Xan|7:7:15
1125|Wolf|Blue Peak|Wolferey|War-Disney|1022549|774389|4136|180|Xan|5:8:8
1126|gregarus|gregian homeworld|greggy|Hidden Agenda|1022411|261671|12679|160|Zik|13:3:21
1127|Army|Mercenaries|DarkANGEL|Hidden Agenda|1019635|749635|4500|137|Zik|10:7:2
1128|Butterfly|zzzz|zlos7ar|None|1018313|424613|9895|189|Cat|200:15:8
1129|Unkulunkulu|Tomppadia|Unkulunkulu|ZikUnion|1018197|564777|7557|380|Ter|11:4:19
1130|Dan Finnagan|Kansasmasters|magickid|Myth|1017866|266666|12538|461|Ter|10:7:12
1131|Revish|Blue Lagoon|Revish|None|1017481|411661|10097|154|Cat|9:4:16
1132|Skarthael|ledexia|l3dx|Orbit|1017412|839632|2963|402|Ter|3:3:17
1133|Fire|The Phoenix|Phoenix|Hidden Agenda|1012425|862125|2505|305|Zik|4:6:20
1134|Silly|me to play|elu|None|1007418|885558|2031|240|Xan|4:2:6
1135|killer|worlds|markkus|ROCK|1006090|177430|13811|354|Zik|7:4:16
1136|Yet Another Round|Sleepless Nights|Rasteira|None|1005763|935503|1171|186|Xan|7:10:23
1137|genion|Coolplanet|Racker|None|1003492|933352|1169|88|Zik|3:6:22
1138|Higher State|Consciousness|xZion|None|1001684|729644|4534|220|Zik|9:5:16
1139|The King|Smilies|Md|NewDawn|1001646|557646|7400|90|Ter|11:8:1
1140|MichaelJD|Quorrobolong|Rico1972|None|999601|784381|3587|135|Xan|4:7:11
1141|KennY|Must Die|mukas|War-Disney|997181|856241|2349|190|Ter|7:8:15
1142|hasselless hoff|the planet EMO!|hasseless|None|996752|750632|4102|255|Zik|12:6:7
1143|monopol|guns|gunner|None|996622|493402|8387|95|Cat|1:2:1
1144|Ginebra|San Miguel|nick|Myth|996483|753003|4058|341|Ter|13:8:20
1145|Love|Love|anImaru[bP]|None|995875|536515|7656|171|Zik|11:7:10
1146|Scampsy|Batster|Scamps|Scampsters|995591|656051|5659|578|Ter|10:3:8
1147|-=Fiery=-|-=Inferno=-|Fiery|PATSA|994286|576446|6964|63|Zik|1:1:2
1148|Chief Joseph|Nez Perez|Gandhi_II|None|992782|682462|5172|180|Cat|5:6:4
1149|santa|the north pole|goddy|Myth|992392|656692|5595|115|Zik|3:10:8
1150|Tube|Toothpaste|Mattitude|ROCK|990131|490571|8326|234|Xan|3:4:14
1151|The Last Sunset|a Fading Day|BierBaron|None|983427|430347|9218|169|Zik|200:4:11
1152|Hidi|Ho|Hawky|None|982782|338502|10738|133|Cat|4:6:12
1153|Rabobank|De Boeren|Caut|None|982732|407452|9588|63|Ter|200:16:1
1154|DaDa|DaDas realm|DaDa|Orbit|979964|464444|8592|185|Zik|7:10:7
1155|Hyperion|Elveron|Charlie|None|978259|702919|4589|129|Zik|3:2:21
1156|Rentas|Nevermore|Rentas|Vengeance|973107|640107|5550|122|Ter|200:3:6
1157|Roderick Tak|Red Rock|Tak|Hidden Agenda|972963|679563|4890|174|Zik|11:8:17
1158|LeeTaxor|Y4|stubbsy|None|972021|361941|10168|177|Cat|200:16:5
1159|Goethe|Schiller|Decadant|None|971161|890881|1338|132|Zik|10:4:11
1160|Korben Dallas|Fhloston Paradise|korben|None|970243|734863|3923|295|Zik|13:1:11
1161|Dawn|Eternal-Darkness|Hooter|VisioN|969764|566564|6720|100|Ter|3:4:3
1162|Imbiber|Fortified Wines|Fnokk|None|965080|548440|6944|377|Zik|11:4:1
1163|lenny|quiet life|Galla|None|963520|577240|6438|139|Xan|9:5:17
1164|The Sheer Lethality|Turnips|Turnip|NewDawn|960255|588435|6197|264|Ter|7:7:3
1165|raffi|monrovia|raffi|None|959476|449596|8498|189|Zik|13:1:20
1166|gahsdlsa|ghsakljdfsa|cbk|None|958112|602192|5932|99|Ter|7:3:18
1167|The Cycle|Change|Night-Sky|xVx|956901|712521|4073|189|Zik|4:1:4
1168|jesus|christus|haefni|Dark Legions|956589|632529|5401|142|Xan|200:11:9
1169|Prince|The Rodeo|Thorm|VisioN|955000|551800|6720|36|Xan|3:1:17
1170|I now have|A Life|Jakey|None|951961|178801|12886|488|Xan|6:1:18
1171|-=Nivek=-|MY WORLD|-=Nivek=-|None|950624|532244|6973|228|Ter|200:12:10
1172|DeMortis|Tetra|Sanguine|None|948458|669278|4653|450|Ter|4:7:8
1173|Caligno|Auroras|Caligno|None|943349|569009|6253|488|Ter|3:4:21
1174|RedXIII|Nanaki|neogunner|Howling Rain|940743|219843|12015|723|Cat|5:1:13
1175|Kael|Hamsterspace|Kael|None|939855|176115|12729|324|Xan|1:6:18
1176|LuftWubben|Horstatron|LuftWubben|None|936683|747863|3147|600|Xan|11:8:4
1177|Nobby Knobfork|19 Bellevue|Knobfork|None|936325|612865|5391|67|Ter|13:2:10
1178|KiNG ICEPOC|NaRCoTiC HeaVeN|ICEPOC|Orbit|935729|413849|8698|271|Zik|3:2:19
1179|Reaper|Retribution|Brad|Insurrection|935640|777120|2642|297|Ter|3:10:7
1180|Leonidas|Sparta|Inspiration|None|934547|757727|2947|225|Zik|7:4:13
1181|LillaHarris|Hamsterpaj|LillaHarris|None|934317|855237|1318|307|Ter|4:7:5
1182|MrRob|Magrathea|MrRob|None|933972|545712|6471|114|Ter|8:10:4
1183|The Machine|Machine Planet|Machine|Rebel Alliance|933866|619586|5238|497|Cat|4:3:20
1184|Convict|Alcatraz|Griffon|Insurrection|933292|621292|5200|219|Xan|4:6:18
1185|Batster|Scampsy|Batty|Scampsters|932931|391551|9023|362|Cat|12:5:21
1186|Divex|LuX|Divex|Myth|931754|601154|5510|305|Ter|13:4:9
1187|h3ll|New Dawn|h3ll|NewDawn|929973|373353|9277|108|Xan|1:1:14
1188|WhiteWhite|BlueBlue|Dutchie|[F-Crew]|928953|725193|3396|490|Zik|6:6:1
1189|Captain|Morgans Rum|Kane1|Howling Rain|925969|463789|7703|53|Xan|13:1:17
1190|Foemster|St Raphael|Foemster|None|925872|746112|2996|124|Ter|5:8:3
1191|sisqo|d endZ|sisqo|None|925298|791978|2222|520|Ter|3:6:23
1192|GLue|Tape|Gum|None|924885|758925|2766|390|Ter|7:8:18
1193|Head Knight|Ni!|Buddah|None|923552|679712|4064|142|Xan|8:9:10
1194|Miatch|Match|Mitch|ZikUnion|922722|695502|3787|305|Zik|8:9:13
1195|pitley|falley|Rambler|Myth|918309|676749|4026|152|Xan|3:3:21
1196|Rei Louva-a-Deus|Deslocado!|BReacKzin|None|913375|490855|7042|117|Zik|13:2:9
1197|FoRsAkEn|Sacament|jay|None|911977|796297|1928|360|Zik|4:7:7
1198|Libertine|Europe|The_Collector|NewDawn|910422|631602|4647|266|Ter|1:9:4
1199|Comrade Stalin|Crushing Capitalism|Incognito84|None|909275|825995|1388|343|Ter|7:4:19
1200|libeer|Liberion|libeer|[F-Crew]|908654|585674|5383|894|Zik|10:8:20
1201|Dynamite|Explosions|Dogs|None|908440|452260|7603|73|Zik|12:2:14
1202|Banana|Skin|Banana|Spit-roasters!|907309|561409|5765|300|Xan|12:5:17
1203|Vlad Tepesh|Gecovo|Vlad|None|902478|243378|10985|115|Ter|200:7:6
1204|Wolli|WoTown|Wolli|None|898777|850357|807|147|Ter|7:8:12
1205|King|8 ball pool|shauny|xVx|897828|507408|6507|77|Zik|7:6:9
1206|Windows ME|Pure Hell|Vasquin|Redemption|897724|536824|6015|201|Cat|5:10:9
1207|raphls|rulor|rafael|neophyte|896727|609807|4782|388|Ter|10:7:20
1208|woody|endless nights?|woody|None|896105|832085|1067|116|Xan|2:1:11
1209|enigma|mysterious rock|enigma|None|894970|523030|6199|457|Ter|7:8:6
1210|Bowtie|Mutala|pharaoh87|None|893030|853850|653|360|Xan|4:1:1
1211|Triple|Distilled|Maddi|None|891343|299083|9871|48|Ter|200:10:4
1212|joe|black|joe|None|890819|565859|5416|390|Zik|11:9:14
1213|Zultan|Zultar|Firstbase|None|890468|828128|1039|378|Zik|3:3:16
1214|Dankenstein|Thedank|Dank|None|889959|809439|1342|129|Xan|8:9:16
1215|Resentment|Others|ChaosDMNS|None|886288|666088|3670|190|Ter|200:10:10
1216|talon666|redtalons|talon|None|885683|685163|3342|151|Zik|200:4:13
1217|97oldc|Oldworld|oldc97|None|884295|711255|2884|164|Xan|3:4:7
1218|Mmmm|I Like Pie|you know squat|None|884039|550679|5556|427|Xan|11:8:15
1219|OfOf|OfOfOf|Josef|None|882498|775218|1788|83|Zik|5:8:2
1220|mattwttam17|mattamadam|mattw17|None|882351|462831|6992|220|Ter|7:7:12
1221|Gismondo|Smirnoffs Revenge|Gismoid|Dark Legions|881031|538191|5714|316|Zik|7:7:21
1222|RabidDuck|Big Evil Pond|ScottishRebel|None|880442|630662|4163|85|Cat|4:1:14
1223|King DeCeBaL|Costesti|LordTicut|RomanianPowah|880242|790302|1499|326|Xan|6:6:22
1224|The land|Inactive nubs|Vor|None|877968|780228|1629|58|Zik|1:5:9
1225|The phenomenon|Illusory Ascension|Odyssey|Minstry|877356|691956|3090|173|Ter|200:6:2
1226|Olav1|Dolly|Olav1|None|877178|497858|6322|346|Zik|4:6:7
1227|The Story|My Life|HK|eXilition|875941|723061|2548|155|Zik|12:1:17
1228|a modern way|letting go|Rebelleader Rikard|LCH|874294|499594|6245|179|Ter|10:5:20
1229|Neophyte|The Underground|Mysteries|Tides of Fire|870606|603606|4450|259|Ter|13:8:18
1230|Teh Sexeh|M0f0|"Stu|"|None|869037|684177|3081|190|Cat|5:7:12
1231|Nasu|Ihaan pihalla|Zirikk|Myth|867480|752160|1922|170|Zik|13:7:22
1232|Lucky Charms|New Sparta|luckycharms|None|867426|743706|2062|258|Xan|5:1:6
1233|Muad dib|New Arrakis|Stevil|None|864883|639763|3752|231|Ter|6:9:14
1234|Conseils|Dutilisation|Cain|Furious Omen|864408|483528|6348|156|Ter|2:6:20
1235|Caldwell|Dedaelus|OtabM|None|862675|450475|6870|278|Cat|7:6:17
1236|zzhou rocks|zzhou planet|zzhou|Ascendancy|860855|601775|4318|134|Xan|5:10:17
1237|Rain|Fire|KrezyDo|None|860185|632545|3794|450|Xan|4:3:9
1238|Dim�s|Fanelia|Dim�s|None|857630|712430|2420|178|Ter|3:3:20
1239|GrelimKing|Poor Little Earth|Gremmy|None|854137|584617|4492|249|Zik|6:9:15
1240|Scary Fran|Bulbous Prime|Fran|None|852708|725328|2123|217|Ter|13:8:3
1241|Argonis|Beluga Bassin|Trog|None|849892|792952|949|151|Ter|5:6:20
1242|Demonik|Hellion|Demonik|None|848838|523038|5430|153|Zik|200:17:9
1243|Annoying fleets|a noobie|vince|xVx|848437|410077|7306|90|Cat|8:10:2
1244|the great little|little|sleazyjoe|None|848086|582346|4429|445|Ter|5:8:7
1245|S o k a r|Neatou|Sokar|None|847638|470418|6287|564|Zik|5:4:17
1246|Rayne|Yellow|Rayne|Rebel Alliance|847598|660938|3111|300|Zik|1:6:3
1247|Black Talon|Total Darkness|BlackTalon|None|847426|777586|1164|450|Xan|7:9:14
1248|Ipabog|Chromaggus|GSTwin|None|847177|725077|2035|71|Zik|5:10:21
1249|Barry|Utopia of Barry|Barryp2006|None|845213|341813|8390|319|Ter|6:1:13
1250|Shanks|Armitage|Shanks|Spit-roasters!|844987|563827|4686|150|Ter|13:6:14
1251|Mongobongo|Mongoland|DeadMan|None|843262|210142|10552|276|Cat|8:9:17
1252|jack the ripper|coventry|bod|Vengeance|841372|380332|7684|63|Cat|3:10:23
1253|Wu-Master|SHoulin Temple|Wu-Master|None|841090|692590|2475|357|Ter|6:10:8
1254|Ba_alzamon36|Tarmion Gaidian|Ba_alzamon|N.I.P.L.|840891|710451|2174|228|Xan|7:6:3
1255|Menig Teknolai|Sambandsbataljonen|Teknolai|Insurrection|839902|781702|970|100|Ter|11:8:14
1256|Overlord Shacks|Norwork|Shacks|Insurrection|839562|671862|2795|217|Zik|8:9:20
1257|Offender|Your Belief|sparky|None|838457|102437|12267|83|Xan|2:10:6
1258|pride|off hiigara|kebabs|None|836051|554231|4697|575|Ter|11:9:22
1259|Errors|Signup|Frizz|None|832698|453558|6319|67|Cat|200:18:11
1260|Twiztid|DBC Inc|Weasel|Hidden Agenda|832335|454335|6300|300|Zik|7:4:15
1261|Andybandy|Ksoff Garden|Andybandy|[BIG]|830646|669006|2694|126|Zik|5:8:19
1262|empgrib|onthedecks|eoin|Dark Legions|829797|663117|2778|100|Zik|7:10:12
1263|High Counsil|Circle of Fire|Gjwreio|Vengeance|828804|530544|4971|252|Ter|1:4:17
1264|Toss|A Coin|Heretix|Subh|826386|379206|7453|31|Ter|200:13:16
1265|spoon|Illuminati|CommandervGG|OneManShow|824902|131122|11563|110|Cat|2:1:6
1266|me|school|thomeke|[F-Crew]|823908|768528|923|140|Cat|1:5:23
1267|Thor|Valaria|Scoobers|None|823491|437931|6426|102|Zik|200:18:2
1268|Tofu|Mount Riv|tofu|None|822514|465754|5946|61|Zik|200:3:2
1269|Migolus|Da-co|Mimi|None|818932|729952|1483|288|Xan|8:1:22
1270|Havoxxx|PainPlace|Metalex|None|818764|765244|892|300|Zik|6:1:20
1271|Gingey|Drury Lane|MrLouis|None|816044|649664|2773|316|Cat|200:2:10
1272|shim|shimmy|shimmy|None|815975|632375|3060|149|Zik|200:7:3
1273|IcEsToRm|fRoZeN ReAlM|IcESToRm|None|812509|531529|4683|147|Xan|6:1:14
1274|Cookie|Monster|salty_tang_+1|None|812029|537529|4575|76|Xan|10:8:10
1275|JakkiJii|PiritaP|Harka|Insurrection|811920|659340|2543|270|Ter|12:1:21
1276|Bible|My SpM lover|Menacer|None|811340|676580|2246|282|Ter|200:12:7
1277|Bleakk|Teh Lollerskates|Bleakk|None|808188|753228|916|210|Zik|200:20:18
1278|Dont stop here|This is bat land!|daehlith|Ascendancy|803667|222627|9684|364|Ter|10:5:22
1279|Vibrations|Lordi|Lordozio|Hidden Agenda|803666|694526|1819|246|Zik|5:8:23
1280|Insane|spirit|simy|None|800870|616190|3078|367|Zik|5:3:23
1281|teko|xlarge|tekoxxl|Rebel Alliance|799950|339750|7670|336|Zik|13:1:22
1282|the biggest noob|the univers|Lloyd|None|798955|494215|5079|306|Cat|4:9:23
1283|HE11|773H|GANDA|None|797059|582079|3583|604|Xan|8:9:21
1284|NetMonkey|Pointe Blank|NetMonkey|Bloody Zulus!|796969|621649|2922|219|Zik|13:8:11
1285|Oliver|Anihilation Nation|Sum1Else|Rebel Alliance|796562|598262|3305|480|Ter|13:7:15
1286|The Deity|Totalitarian State|Kyo|None|795285|668325|2116|295|Zik|5:4:15
1287|Various Shades|Mediocracy|Lord^|None|794508|474408|5335|69|Cat|200:7:15
1288|Kerrek|Lamouria|Kerrek|None|794349|685569|1813|106|Xan|2:10:9
1289|Viceroy Kina|Brudenell|Zak|Dark Legions|794181|634341|2664|149|Zik|200:18:4
1290|Magnifiqux|Magnifiqua|Sam|None|793490|656750|2279|679|Zik|8:9:5
1291|Dark_Obo|Portland|toby|ZikUnion|791644|558004|3894|411|Zik|3:2:20
1292|Sengi|DarkSun|CharlieBoY|Synergy|791251|643651|2460|235|Ter|10:3:10
1293|Dyl the Great|Actium|Dyl|None|790925|613025|2965|337|Ter|13:8:5
1294|The Berserkers|Valhall|Gaahl|Hidden Agenda|790912|558832|3868|161|Zik|200:2:21
1295|Vishnu|Angkor Wat|Recon|None|789516|138336|10853|80|Ter|3:1:23
1296|Burden|Proof|stringer|None|785577|437217|5806|66|Cat|200:20:10
1297|Frank Castle|JEFF|Jeff|None|783337|428737|5910|142|Ter|200:19:16
1298|Major Svendsen|Gluffyland|DjungZaX|Orbit|781522|741982|659|272|Ter|5:3:18
1299|not|active|t-dub|never ending|780402|686202|1570|310|Zik|6:10:19
1300|Tormentor|Innocents|Drayan|None|780369|671229|1819|150|Cat|200:10:17
1301|Forgot how much|This game sucked|mz|Ascendancy|779371|458371|5368|180|Ter|7:3:5
1302|JackNorris|Stain|JackNorris|None|779040|688320|1512|265|Ter|200:9:2
1303|Babaluga|Maza|bABA|None|778875|494655|4737|371|Xan|8:2:23
1304|b3achbum|false hopes|TheMedic|None|778662|375402|6721|416|Xan|1:6:1
1305|Dolly|Pluto|Jinx|None|777301|749641|461|99|Zik|3:5:1
1306|Justinian A|New Constantinople|Justinian|None|776295|737115|653|150|Ter|200:18:16
1307|Jamo|Powerhouse|Jamo|None|776142|634902|2354|385|Ter|200:5:18
1308|Koep|ninje|Ianus|None|771314|691514|1330|379|Ter|5:7:21
1309|MegaOgo|TassBem|Ogo|None|768525|706425|1035|320|Zik|5:6:22
1310|webeatthescum|3-0|Dobs|None|765858|349038|6947|106|Cat|7:8:16
1311|Liu Bei|Zhangwu|Prince|None|765752|554492|3521|256|Zik|11:4:17
1312|The Producer|Ho Hum Productions|Flyer|None|764951|486671|4638|165|Xan|9:5:12
1313|BeanER|SnoSurf|bean|FU2|764111|586571|2959|150|Cat|1:2:13
1314|tatty jee|holmwood|Jeeman|None|761591|543551|3634|333|Ter|200:8:6
1315|Roncatto|Adiaz|Roncatto|None|760752|530772|3833|112|Xan|200:2:1
1316|kingxenon|mangiacarpa|teqh|[F-Crew]|760742|246542|8570|213|Cat|3:10:22
1317|Lister|Smeg|Gloom|None|757474|364954|6542|99|Xan|200:6:14
1318|harmful layer|ozone|carrie|None|757425|563625|3230|153|Xan|1:2:12
1319|Cuban|Cigars|nin4th|None|757338|529098|3820|151|Ter|4:7:19
1320|Kaecilius II|Colinas Escarlata|Kaecilius II|Hidden Agenda|756987|524067|3882|351|Ter|1:6:14
1321|i like that girl|out of the zutons!!|Shark-|None|756686|590426|2771|108|Ter|200:17:13
1322|Im gonna catch you|Just you watch|Dav|None|752910|631470|2024|197|Zik|200:15:15
1323|Hypnotic|Hypnolandia|Hypnotic|None|750713|721973|479|301|Zik|7:9:19
1324|Pwincess|Pomeranians|Princess|None|750094|690454|994|153|Ter|200:4:12
1325|loki|secend Chance|loki|PlottingEvil|750017|553757|3285|751|Zik|8:2:14
1326|The Age|C0nan|tiny1|BDU|747604|670744|1281|160|Ter|3:3:14
1327|Fedasaine|Emu|Fed|Hidden Agenda|746514|591054|2591|421|Cat|12:1:19
1328|okuri|kanagari|respin1228|None|744162|650922|1554|150|Ter|6:6:23
1329|one hundred years|solitude|vampy|Ascendancy|743527|665827|1295|121|Ter|13:8:12
1330|seventh son|a seventh son|melman|None|743320|199960|9056|49|Xan|200:2:15
1331|skippy|bush kangaroo|auzman|None|742149|489789|4206|81|Xan|3:1:15
1332|Trunks2250|vortexion|Trunks2250|None|742064|688664|890|300|Zik|3:4:22
1333|Xelsion|Minas Morgul|Xelsion|None|741958|697498|741|350|Zik|5:4:20
1334|king k|kikatek|king k|None|740989|622429|1976|181|Cat|200:3:9
1335|bakewell|tart|fleetwood|Bline|739491|473931|4426|245|Cat|4:1:13
1336|Thomas Alva Edison|Light Bulb|daku|Scan0r|738823|189463|9156|96|Cat|9:4:21
1337|TitaniumMango|Cleaner South|TMango|N.I.P.L.|737630|480770|4281|186|Xan|5:8:18
1338|product|your_imagination|koreagirl|None|737559|692739|747|237|Zik|4:6:15
1339|DuyVo|TheYellowPlanet|Duy|None|736958|551438|3092|447|Zik|10:7:11
1340|Cougar|Hawk|thomo_b|None|734426|598406|2267|194|Ter|7:7:4
1341|Making|a man|Marshall|Ham wallet|734403|485943|4141|559|Ter|3:10:21
1342|ShadowRuler|ShadowPlanet|Silent|None|733820|723380|174|300|Ter|1:4:15
1343|Hunter|The Departed|Cruncher|None|732334|692614|662|379|Zik|4:3:11
1344|Harvester|Sorrow|TheGuardian|None|729075|513495|3593|174|Xan|7:8:20
1345|ARACKNID|CRYSALIS|Aracknid|Vengeance|727634|463874|4396|500|Zik|11:9:13
1346|Richards|Waymaker|Richards|None|727456|589816|2294|431|Zik|1:6:13
1347|avanger9220|avangershome|avanger|None|727166|531446|3262|502|Ter|4:1:12
1348|Brave Warrior|The Iron Gate|Brave|None|726196|441376|4747|27|Xan|7:1:1
1349|grand-duke|Frankonia|hammer|Hidden Agenda|725619|572859|2546|395|Ter|10:7:17
1350|destroyer of planets|backlash|destroyer|Myth|722170|594970|2120|415|Xan|13:4:16
1351|Zim|cupid|Ull|None|721964|587444|2242|124|Ter|200:11:7
1352|Jobby|The Brown Noise|Jobby|None|721466|655106|1106|100|Xan|3:4:4
1353|thebottomofthe|pit|ltduren|None|718209|335829|6373|597|Zik|4:1:11
1354|Drone_101|Home_101|Drone_101|None|717889|556669|2687|334|Ter|5:10:3
1355|Fed UP|Choosing|eq|Dark Legions|716866|486346|3842|81|Xan|2:1:13
1356|sammy|hook|Bella|NewDawn|715142|251762|7723|170|Xan|3:2:11
1357|Heavy D|Fresh Smegma|HooN|None|711930|593490|1974|111|Ter|4:3:15
1358|Emperor Tal Malaron|Shaterdale|Azazel|White Dragons|710677|533017|2961|118|Ter|7:1:13
1359|George W Bush|The Power Industry|Virall|None|708810|180750|8801|416|Cat|1:9:11
1360|Aldebron|Kotos|Al|None|707325|501165|3436|84|Zik|200:13:18
1361|-=Avatar=-|-=Discord=-|Enyeez|Howling Rain|706858|410038|4947|156|Zik|11:7:21
1362|GaRFIELD|Za-Ha-Dum|GaRFIELD|None|705708|501348|3406|300|Ter|3:4:13
1363|Groa|Destromath|Ulle|None|703670|575030|2144|300|Xan|7:3:13
1364|raist|wastelands|raist|None|703021|669121|565|109|Ter|200:20:8
1365|Iron - Crowk|VFK-IV|Crowk|None|702599|474899|3795|39|Ter|13:6:17
1366|The leader|Technonuts|Nutty|None|701857|647137|912|750|Ter|10:8:21
1367|the source|Wishmasters power|newteh|None|700616|286616|6900|93|Cat|13:8:8
1368|SPMax|Cool|SPMaximus|None|699997|598957|1684|180|Zik|200:6:17
1369|Welcome|Goodbyeee|no one|None|699286|265966|7222|319|Zik|6:5:23
1370|Scorpio|Home of Wackos|Scorpio|None|698006|480926|3618|502|Xan|12:5:20
1371|Howdo|Drop Keg?|The_Fish|None|697272|138972|9305|10|Cat|8:10:12
1372|Skypilot|Temple Cloud|Tobby|None|696498|601098|1590|80|Cat|5:4:18
1373|Grimnebulin|Crobuzon|Grimnebulin|None|695254|637294|966|160|Ter|7:8:7
1374|Vin Diesel|The Underverse|Vin|None|695145|265905|7154|110|Zik|13:6:4
1375|RaginAzn|The Yellow People|Chun|None|693028|621028|1200|160|Ter|3:4:2
1376|Omicron Persei 8|Lrr|Eventh|None|692318|449198|4052|619|Cat|12:6:13
1377|Mortise|Nebulan|Edgelert|None|688128|402768|4756|66|Xan|200:16:4
1378|rainer|The Rainy planet|Rainer|rainogthob|687874|542494|2423|236|Cat|10:7:18
1379|heftige|turbulenzen|dodger|None|686699|496019|3178|48|Cat|3:1:12
1380|Mycen|Kher|Mycen|None|685697|457997|3795|39|Zik|200:1:7
1381|Kerberos|Underworld|Kerberos|None|684932|614072|1181|254|Zik|7:10:16
1382|911 is a joke|hordhum|alba|None|683676|399156|4742|243|Xan|200:4:6
1383|Tazz|Dreadland|Tazz|Myth|683633|524213|2657|175|Zik|10:7:10
1384|delphius|treasure planet|delph|None|682486|562246|2004|241|Zik|10:4:20
1385|Dartum|Zenru|Farstalker|None|681436|518536|2715|688|Ter|12:5:12
1386|artifact|dragons|artman|None|680622|599022|1360|114|Zik|1:6:10
1387|Strike|AssCandy|Strike|None|680265|548025|2204|391|Xan|7:10:17
1388|eriksjon|den erigrertes verd1|erik med kuken|None|677763|586383|1523|300|Zik|6:5:21
1389|really|surpriseme?|ahh|None|673140|426240|4115|112|Zik|5:1:12
1390|Byakuya|Kutchiki|kristofer|None|670829|620309|850|160|Ter|11:4:21
1391|Reejery|Dradol|Reejery|Orbit|669317|370877|4974|129|Xan|200:20:11
1392|MonkeyFiend|Lung Butter|MonkeyFiend|None|669082|586522|1376|563|Ter|3:10:14
1393|Ich Bin King|Ich 1|Ich Bin|None|668400|349740|5311|242|Cat|200:2:6
1394|Suleyman|The Ottaman Empire|Pete|None|668395|632215|603|150|Ter|200:6:24
1395|CKS|cleavon|ILG|[F-Crew]|668300|545960|2039|365|Ter|9:5:21
1396|FiresFury|Cayuga Heights|GoBigRed|None|666481|401461|4417|97|Cat|11:4:6
1397|Dwn|Grim|Dwn|Hidden Agenda|665081|599621|1091|168|Ter|7:1:14
1398|Sparhawk|Elenia|Potato|WolfPack|664503|599883|1077|142|Xan|200:16:6
1399|touch meh ships|meh ships|tzontzo|None|664157|518357|2430|270|Ter|4:7:9
1400|the time|ur life|yonobi|None|663924|203484|7674|305|Cat|3:10:19
1401|Shard|Light|Shard|None|660046|456346|3395|100|Cat|5:6:16
1402|Rancor|Dathomir|Rancor|None|659666|307706|5866|39|Xan|13:6:5
1403|LosingMyMind|InsaneAsylum|Symbiot|eXilition|659663|433523|3769|300|Ter|4:1:19
1404|Lord Crazy|Crazy Haze|Captain|None|659462|515402|2401|364|Ter|5:4:19
1405|LadyoftheLake|The Hill|LotL|Heroic|658675|528115|2176|242|Ter|13:1:15
1406|Excalibus|Beaumonth I|Montybo|Less actives|658645|597565|1018|190|Ter|5:3:13
1407|kreed|Avital|Kreed|None|656758|633358|390|480|Zik|6:1:21
1408|Nakamura|Caldarii|shogun|None|656306|513446|2381|332|Ter|5:6:17
1409|The Remains|This Day|Sickn0t3_ni|None|654788|500468|2572|272|Zik|5:4:8
1410|Quicksilver|Nao me Fodas|Blind_Guardian|None|654047|555347|1645|284|Ter|11:4:11
1411|Vad|Vellum|Vad|Myth|652739|581819|1182|166|Zik|200:6:7
1412|--++|++__|Latryx|None|652539|582219|1172|180|Xan|11:4:5
1413|Barry Leotard|Cocaine Mountain|Amberler|None|651592|577252|1239|69|Zik|5:3:16
1414|Memorex|Tevion|PWG|None|648876|443556|3422|312|Xan|11:3:20
1415|Tricky|Ti|Tricky|None|648540|526020|2042|166|Zik|7:8:3
1416|richpr|kroozmidzdontcom|ped_11_|None|646853|597173|828|371|Ter|12:6:23
1417|bubble|soap|safir|None|644918|396878|4134|52|Cat|200:12:12
1418|death|Killer|Warpath|ROCK|643915|489655|2571|256|Ter|200:11:6
1419|-=dracula=-|-=transilvania=-|mariusb|None|643410|429030|3573|365|Cat|1:4:12
1420|Hammers|Upton Park|Dazzalc|None|641988|601788|670|104|Ter|200:11:15
1421|ZadKiel|XIII Order|Xmad|None|641111|496151|2416|127|Cat|200:2:2
1422|Barskutis|yeah|Barskutis|LTU|638505|542025|1608|336|Ter|3:3:11
1423|Lord Storm|Thunderfury|Storm|[F-Crew]|638411|599891|642|217|Ter|3:4:15
1424|Seeker|Lost Hope|Kallysandra|Redemption|637333|574933|1040|129|Xan|7:8:13
1425|I am out|this place|Gio2k|None|637248|538788|1641|158|Zik|200:7:8
1426|I wasnt supposed to|Play this round|Proxi|None|636401|460781|2927|121|Zik|200:15:11
1427|sniffer|underwear|Thuf|ROCK|635501|564641|1181|240|Xan|6:1:17
1428|bertusmaximus|bert land|bigbert|None|634639|599359|588|420|Cat|200:13:3
1429|The Sinking|The Titanic|Haddock|None|632544|536304|1604|595|Ter|12:5:23
1430|JrA-Sniper|GongShow Hockey|Muncey|None|631711|537571|1569|205|Zik|2:1:20
1431|coolddude|cool planet|ddude|None|630802|314302|5275|171|Cat|200:7:2
1432|Optimus|SG-1|Optimus|Vampire_Dojo|629488|394708|3913|73|Zik|13:6:11
1433|Yours|Truely|sk8az|None|628892|461912|2783|145|Xan|4:8:8
1434|mart|hunter|mart|Hidden Agenda|628638|480438|2470|202|Zik|4:1:3
1435|Sabre|Alexandria|Wrecker|DeathStryke|627843|179223|7477|300|Xan|2:1:1
1436|Captain Canuck|Maple Leaf|Kippy Skippy|None|625902|329442|4941|230|Cat|5:7:15
1437|The Iron Maiden|Terraforma|Gizmo|Rebel Alliance|625784|611504|238|270|Ter|13:2:22
1438|Murder|Crows|Ninja_spammer|None|624189|269829|5906|66|Ter|13:6:12
1439|Substance|Style|Substance|None|624162|466542|2627|48|Zik|13:7:10
1440|Avenging Angel|Redsun|Ace911|None|623826|522786|1684|294|Zik|12:5:22
1441|Santas|Little Helper|Spectah|Myth|622527|423327|3320|178|Cat|200:10:5
1442|SolidBlur|Unreal Tournament|mikke|Norway|620508|395868|3744|70|Cat|200:18:9
1443|The Warrior|This Land|cervantes|None|620294|463334|2616|104|Zik|8:10:7
1444|Nitroxy|Silvera|Nitroxys|None|620102|497102|2050|189|Ter|3:7:22
1445|Sliced Breed|Dog Kennel|Phoen[ix]|Howling Rain|617132|470012|2452|513|Cat|3:5:4
1446|Son|Preacher Man|Icey|=IRON=|616539|520599|1599|130|Zik|4:3:18
1447|Strong Resemblance|Absolute Perfection|Hook|None|615789|295509|5338|51|Cat|200:10:1
1448|Joseph The First|Coleridge|JJ|Insurrection|615580|549520|1101|236|Ter|11:8:5
1449|Smackjunkie|T-Town|Smackjunkie|None|613039|246199|6114|243|Ter|2:2:22
1450|maco04|Lucas IV|maco04|None|612006|438126|2898|186|Zik|200:19:3
1451|Dr Flowerpot|Blue Sunflower|Dr. F|None|610173|535293|1248|355|Ter|11:7:19
1452|Scourge|Defiance|rolly|None|610112|519332|1513|246|Zik|4:1:6
1453|Koyvar|Marbidian|derkesthai|Myth|609399|420939|3141|156|Zik|3:5:19
1454|Battle|Royal|Strand|None|609370|348730|4344|143|Cat|5:8:13
1455|Anders|Titan mining corp|Titan M C|None|609008|567848|686|145|Zik|200:8:2
1456|Zagarat|Xeer|Zag|None|608781|446121|2711|173|Zik|200:17:1
1457|ObgyWan|NetherRegions|firecop|Rebel Alliance|608345|447785|2676|339|Zik|2:10:20
1458|Geko|Smurf town|Firebird|None|607692|499812|1798|116|Zik|200:8:13
1459|LHO|TGK|h1tman|Ooooomph!|605900|454040|2531|125|Xan|3:4:1
1460|Koala|Eucalyptus|Betterman|None|604036|361576|4041|302|Ter|13:8:10
1461|Granturfinal|Okseblod|Baltazar|None|603248|577928|422|114|Xan|200:14:7
1462|lipp|Take it piano|lipp|None|601204|278584|5377|212|Ter|13:1:14
1463|Metherra|Nevermind the living|thevoid|1up|598684|393664|3417|63|Zik|3:10:6
1464|Cledus|Billy-Bob|Big Jimmy|Big Jimmy|598235|384575|3561|235|Cat|5:3:20
1465|Honkus|Repugnant|honkus|None|597066|490026|1784|61|Zik|2:2:9
1466|I am unpaid|Do not hurt me|Dotatrix|None|595583|402263|3222|83|Zik|8:9:7
1467|LLOYD BANKS|G-UNIT|Blue Hefner|None|594676|536536|969|322|Ter|11:9:15
1468|fatal1ty|new caprica|legomann|None|593438|570098|389|330|Ter|5:10:12
1469|Ramuthra|Galnesis|Ramm|None|593003|498923|1568|416|Xan|2:1:12
1470|Gi hedi Ra|Mol Rametheus|Ram|None|592652|449792|2381|105|Xan|8:9:19
1471|Scharrer|Pink Velvet|Scharrer|None|592549|460249|2205|582|Ter|10:7:14
1472|muppetmaster|sesamestreet|elledee|Subh|592474|504094|1473|45|Xan|200:3:10
1473|Naggastole|mybike|Mike~|None|588881|536381|875|234|Zik|4:3:14
1474|Gero|Zik-zak|Gitano|None|588860|462200|2111|150|Zik|200:19:15
1475|Fastbrain|Fusa|Fastbrain|None|588686|425786|2715|103|Xan|200:17:11
1476|The Dreamer|Fragile Things|Koneko|Howling Rain|588135|295575|4876|99|Xan|12:6:19
1477|Cryton|Galaxy|Space_rat|None|587280|499560|1462|252|Ter|13:2:1
1478|Ghaanye|Thiile|StarHowler|None|586774|403774|3050|117|Ter|200:11:11
1479|-=Loki=-|Angel Of Death AOD|-=Loki=-|None|583703|213743|6166|741|Xan|5:10:18
1480|The|Long Kiss Goodnight|LKG|None|583364|442424|2349|56|Ter|200:2:7
1481|OutBlast|Hardstyle|DoomsDay|Subh|582522|442422|2335|58|Cat|200:2:16
1482|Soletti|retardness|neps|None|582048|350148|3865|68|Ter|11:4:13
1483|griffs|xgodx|grif|None|581100|527100|900|118|Zik|5:8:11
1484|Snowman|Snowman Empire|SNOWY|angry angels|580882|489982|1515|190|Cat|9:10:23
1485|Garbok|Xioun|Garbok|666|579647|550307|489|154|Zik|200:3:16
1486|Brimir|Ukald|Brimir|TGV|579260|139940|7322|202|Zik|13:6:19
1487|omb|ombus|omb|None|576447|339087|3956|456|Zik|11:3:21
1488|MrFuzzum|Fuzzum Prime|Fuz|None|573528|556608|282|414|Zik|6:9:19
1489|morat|gangstar|morat1213|None|573008|272588|5007|166|Ter|8:10:19
1490|Darklight|the Netherworld|Darklight|None|570152|430652|2325|447|Zik|5:1:22
1491|Bjarne|Sesam Stasjon|Glimmer|None|569348|501428|1132|137|Ter|5:1:17
1492|Real|Emotion|Bubbles|None|569098|274138|4916|17|Cat|13:6:3
1493|Brood|Nozdormu|fellah|[BIG]|568017|394857|2886|99|Ter|7:8:2
1494|UnSeeN|Pullandia|Uns|None|567385|526225|686|154|Xan|1:2:21
1495|Mescheraz|Leandernes|Nazuk|I AM GOING PRO!|566913|207753|5986|183|Xan|1:4:8
1496|Micko|Decypher|Micko|Rebel Alliance|565414|203014|6040|205|Cat|6:5:22
1497|supercool|planetsvil|dawg|Rebel Alliance|564856|437776|2118|219|Ter|2:10:16
1498|SunshineTheWerewolf|PanasonicYouth|gr33n|None|564120|514980|819|110|Zik|200:6:21
1499|R3dF0xx|Tenative VI|3,333,334,231|None|563220|485940|1288|99|Zik|8:9:23
1500|Crevta|Crev|Crevtar|None|562644|538704|399|240|Ter|200:5:6
1501|Remy|No Nuts No Glory|Remy|PATSA|561369|449829|1859|24|Zik|1:1:1
1502|biffy|JoltyWorld|biffles|None|559776|488916|1181|18|Cat|13:7:2
1503|KMA|Diablo|Ravey|None|557058|404358|2545|256|Ter|5:7:13
1504|Goldman|StarAlliance|Goldman|StarAlliance|556448|375548|3015|59|Cat|13:8:13
1505|Cas|Freehold One|Cas|None|553438|374338|2985|306|Xan|4:6:5
1506|Iron Clad|King Bob|Totem|None|552672|514512|636|332|Xan|4:6:8
1507|KAHN THE MIGHTY|THE VOID|KAHN|KLAN GB|549502|482722|1113|512|Zik|200:19:8
1508|OMG ITS FREE|Dont believe it|The One|None|547348|248308|4984|224|Xan|6:6:13
1509|Da fateful|fatefulia|fateful|None|545917|298897|4117|272|Xan|4:7:17
1510|Sheng Li|Hu Lao|&Aacute;si|None|545457|445377|1668|40|Zik|2:10:18
1511|Kloopy|The Full Story|Kloopy|PATSA|544448|396788|2461|74|Xan|1:1:8
1512|Nevermore|Narcosynthesis|slayerized|Rebel Alliance|543789|318849|3749|109|Zik|2:10:12
1513|Revius|Ruah|Rev|None|542407|474007|1140|330|Ter|3:5:18
1514|Feanorsoul|Varda|Feanorsoul|None|539570|357230|3039|684|Zik|13:7:19
1515|Captain Murphy|Sealab|Spoonfoon|None|538922|385442|2558|171|Xan|200:6:5
1516|Elevation|TheTour|elevator|None|538250|269870|4473|391|Ter|2:3:18
1517|Nuazuyu|Jinqua|Big Tom|None|537481|449941|1459|146|Cat|4:3:21
1518|Sky|Premium|Darlov|None|536966|242126|4914|37|Cat|200:3:4
1519|Cochese|Hippiechicken|Cochese|Ascendancy|536304|335724|3343|77|Xan|5:8:20
1520|King Bourby|Bourbaria|EviLDaVe|None|536016|494736|688|339|Ter|7:6:2
1521|Blank|iRobot|Blank|None|535104|509544|426|271|Ter|11:9:8
1522|babafingo|zamazingo|babalarinbabasi|kutsal ittifak|534860|448340|1442|346|Ter|13:4:17
1523|MazGul|Far Shine|Maz|None|534379|427579|1780|102|Ter|5:8:21
1524|Mind|Rotos|Min|Hidden Agenda|533143|480523|877|148|Ter|13:2:14
1525|CoLdFiReJones|Land Of Fire|terran|Rebel Alliance|532962|288522|4074|380|Ter|13:7:18
1526|Lord Hippo|The Muddy Wallow|Hippo|None|532258|398458|2230|198|Cat|8:10:13
1527|Foz|Skegness|foz|None|531973|442633|1489|179|Zik|200:1:2
1528|Chise|Roidplanet|kurpitsa|None|530170|336310|3231|295|Zik|13:6:8
1529|Mongoose|Mongoose Land|Major|None|530043|435843|1570|52|Zik|200:6:6
1530|alexandru|conqueror|jokerul|None|529211|388751|2341|453|Zik|8:2:20
1531|xetra|Forstar|xetra|None|528791|506591|370|303|Ter|200:18:6
1532|Inactive|nonNoob|Tiny|None|526985|373325|2561|287|Ter|200:3:5
1533|willow|willows hole|willow|None|524826|520386|74|74|Ter|8:1:23
1534|Distro|Distructo Prime|Blow me baby|Orbit|524773|387913|2281|462|Xan|11:8:11
1535|jesus001|earth001|jesus|None|523270|405970|1955|45|Ter|200:17:8
1536|koks|the north|koks|None|521103|216723|5073|175|Zik|8:10:3
1537|reborn|newbeginning|siany|None|519756|250896|4481|52|Cat|200:14:15
1538|Huge|Inferno|tom|The Republic|519400|325540|3231|162|Ter|6:9:3
1539|Rantanplan|Gucky|Exchange|None|519189|346089|2885|25|Cat|8:10:16
1540|Xenophane|1|Xenophane|Dark Legions|518830|331450|3123|18|Cat|200:20:3
1541|Andy|Andyworld|Andfangion|None|517886|505466|207|240|Ter|4:1:18
1542|Mondi|Intencity|Mondi|None|517256|344456|2880|715|Cat|9:2:23
1543|Bunny killer|Bunny Hater|Jaime|DLR|516631|328171|3141|54|Cat|200:2:4
1544|Polaris|Electronegativity|Ted|None|515597|479957|594|112|Xan|200:11:5
1545|Every Me|Every You|seifer|None|514965|451725|1054|90|Xan|200:19:12
1546|mor di|whapdeedoo|mor di|None|513584|345224|2806|347|Ter|3:1:20
1547|Evrillion|pudger|rill|None|511970|375470|2275|239|Xan|2:10:19
1548|RIDGEWALKER|THATCH|RW|SHOGAN|511513|272953|3976|198|Xan|7:4:23
1549|Stitch|In Time|Merlin|None|509643|464763|748|225|Xan|200:12:2
1550|E x c e s|s i v e|s7n|None|507710|466370|689|43|Xan|200:15:10
1551|Arbiter123|Random Doom|arbiter123|None|506431|309511|3282|32|Cat|3:1:3
1552|MasterMC|Florana|MasterMC|Rebel Alliance|505724|300824|3415|587|Zik|5:7:19
1553|blareon|pesertron|bumsnogger|ZikUnion|502296|445536|946|357|Zik|1:4:9
1554|The stealer|you heart|blackbirdess|None|501529|303469|3301|92|Cat|200:1:9
1555|Lord Gracen|Graseron|Grey|Jedi Order|501156|423516|1294|182|Ter|12:6:15
1556|Rawrrrr|hihiihihih|"AleX|WoW"|Subh|500334|394554|1763|72|Ter|3:4:10
1557|Thalidomide|Higarra|Thalidomide|None|500258|415358|1415|29|Cat|200:8:3
1558|Legault|Coramonde|Leg|None|500188|485068|252|258|Ter|12:5:18
1559|Akilleez|Coraveil|Akilleez|Orbit|498916|301816|3285|178|Ter|5:7:23
1560|Mess with the best|Dogadooda|Carnage|Norway|498152|386252|1865|480|Xan|3:3:22
1561|fork da|king|fork|None|494640|459180|591|115|Ter|200:14:6
1562|Sir Monsi|Dayton_Ohio|Eugene|THUGNATION_INC|494371|363571|2180|803|Ter|200:7:14
1563|Newilly|Jimrod|chrissy|ZikUnion|493136|303776|3156|202|Ter|8:10:17
1564|Bics|Whereeverhood|Bics|Dark Legions|490028|247988|4034|111|Cat|200:13:9
1565|SpongeBob|Square pants|Tsunami|None|489324|443304|767|120|Ter|5:8:16
1566|Kazarion|Alfus-Primos|Wasteland|None|489127|448927|670|230|Ter|10:5:18
1567|DemonEmperor|DemonEarth|DemonEmperor|None|488861|412541|1272|300|Ter|4:6:21
1568|Drinking too much|this 80% absinth|xGarthx|None|487632|294072|3226|299|Xan|1:9:23
1569|Turismo|The_Great_Aspaas|Turismo|None|487086|340266|2447|147|Ter|13:2:3
1570|Dave Lister|Red Dwarf|spreaders|None|486531|451731|580|149|Zik|200:15:9
1571|peke|ouxkyrtp|peke|None|485888|339248|2444|333|Ter|7:6:4
1572|Eldarion|Darkshire|LastRide|ROCK|485132|371372|1896|69|Cat|11:4:8
1573|Yirr|Yirrudn|Yirr|None|484749|445989|646|299|Ter|200:6:9
1574|Dragon|Dragonlair|Twilight|None|484252|334012|2504|46|Ter|200:13:12
1575|Absence|Being|DVoid|None|482395|431695|845|73|Zik|200:19:2
1576|XZipp|The Sea|Zipp|None|481728|430248|858|102|Zik|200:1:13
1577|Duke Syrael Alexis|Alucinor|Duke_syrael|Hidden Agenda|481678|384958|1612|150|Cat|5:6:21
1578|HoundDogs|Tennessee|volunteer man|pa shit now|480603|296283|3072|180|Zik|200:8:4
1579|Sir Paul|Maiden World|Paul Face|None|479615|354095|2092|87|Xan|200:13:10
1580|xeno|timetoown|chriss159|None|479338|465238|235|221|Ter|200:12:5
1581|krazie_xeno|xenosaga|krazie_xeno|None|477616|467716|165|300|Xan|200:13:4
1582|Wearer|A pink mohawk|SkaxKid|None|476262|257682|3643|91|Cat|200:1:5
1583|I am a fan|River Tam|Gate|None|475905|375405|1675|103|Ter|200:12:8
1584|bong some|bucket some|jp|None|475517|433097|707|195|Zik|200:13:14
1585|Tarka|Lazy Town|Isambard|None|473992|419272|912|90|Xan|200:8:24
1586|mikdagger|gopherville|mikdagger|None|471024|430464|676|397|Zik|3:3:15
1587|Madau|Pwn Your Socks Off|Madau|None|470390|441290|485|180|Xan|12:6:21
1588|Roskakuski|Kaatopaikka|WickedClown|Universal Posse|468494|352994|1925|165|Xan|13:8:21
1589|Sir Mango|Mangotopia|Sir Mango|Long Knights|467925|258285|3494|964|Ter|13:2:16
1590|Cito13|Express13|Cito13|None|466733|452513|237|171|Zik|200:6:10
1591|Homer|Springfeild|H0mer|Rebel Alliance|464905|426985|632|201|Cat|200:7:12
1592|Dishonor|Deception|Turpis|None|463631|348731|1915|165|Cat|200:2:5
1593|Treacle|mvemjsunp|danny|None|463198|397198|1100|340|Ter|200:10:2
1594|You can|Hurt me|Matas|None|463093|207133|4266|111|Xan|12:5:19
1595|Sylverone|Kliftonia|Sylver|None|462872|445652|287|392|Ter|200:3:12
1596|Just visiting the|Univers|Ophelia|None|460914|203454|4291|528|Xan|5:10:20
1597|caligula|Rome|Ceaser|Petorians|460799|423059|629|320|Ter|5:8:9
1598|Coke Head|Drugs Villa|Coke head|None|460157|408857|855|63|Ter|7:1:5
1599|Black_Boss|Home of Black_Boss|Boss_NS|EQUILIBRIUM|460145|160865|4988|276|Ter|7:10:20
1600|majorglitch|the micromanaged|majorglitch|BDU|459605|434285|422|97|Ter|200:4:8
1601|Lamluk|KKA|KKA|None|459098|382178|1282|210|Zik|200:3:17
1602|Casador|La Jungla|vex|None|459016|245536|3558|222|Ter|10:7:22
1603|Vic Mackey|Farmington|Vic Mackey|None|458987|410807|803|359|Ter|13:8:17
1604|Epicurus|Thanatos|Epic|None|454763|422243|542|51|Zik|200:6:8
1605|Doom|DoomniS|DooM|never ending|454492|364252|1504|374|Zik|13:6:6
1606|Emperor Titan Gonzo|FUBAR|Speedy|None|453473|228953|3742|85|Cat|7:1:16
1607|Lei Lo Mo|Huk See Jer Jer|ninja|Myth|453424|257284|3269|93|Zik|7:1:10
1608|Sl00f fo het Tenalp|Niterk Het|Kretin|None|453019|389539|1058|45|Ter|2:10:3
1609|Davidoff|Wychbold|Paz|Dark Legions|452925|413325|660|171|Ter|200:2:9
1610|hammertime|number 1|the hammer|None|452104|446524|93|228|Xan|200:7:4
1611|emperor penguin|iceworld7|empy wempy|None|450902|416582|572|289|Ter|7:6:20
1612|Aemelius|Karvatatti|Kasvain|None|449682|345342|1739|63|Cat|200:5:4
1613|egg|barnicle|Sp00n|None|448160|349520|1644|43|Cat|200:10:3
1614|- Fast -|- Furios -|Kimmy|None|445470|330930|1909|125|Xan|7:9:22
1615|CrabP|Town|CrabP|None|444095|373595|1175|93|Xan|5:7:18
1616|Solitude|Emptyness|Adama|Subh|440420|371900|1142|66|Ter|200:13:7
1617|piriwo|proud|fast1|None|439201|378721|1008|304|Zik|9:4:18
1618|HerrBamse|BamseWorld|Bamse|None|436722|370842|1098|325|Ter|13:8:19
1619|godzilla destructo 5|doomzdon|g d 5|None|436205|396305|665|507|Zik|5:4:21
1620|CYTHER1|HOMELAND|CYTHER|Hidden Agenda|435440|317000|1974|242|Zik|8:10:20
1621|Most Comprimising|Positions|Abbadon|None|434111|341111|1550|54|Cat|200:17:21
1622|Duke II|Lunar VII|Jabba|None|433901|186341|4126|171|Xan|13:6:9
1623|Demon_SaV|Fangetta|DemonSaV|None|432499|351979|1342|340|Cat|13:1:21
1624|buggerhead|boring planetarion|spooz|None|432310|405310|450|325|Zik|7:6:18
1625|Returnee|this game|Markb|None|431693|250073|3027|439|Ter|6:10:23
1626|the winner|MEKWAAAAAAAAAAAAARS|amluj|Coven|430355|329975|1673|138|Xan|7:10:9
1627|Timmy|New Shambles|Timmeh_F|None|428312|420692|127|280|Ter|11:9:5
1628|Fish|Fisharians|Fish|Hidden Agenda|427551|350691|1281|88|Ter|200:16:11
1629|Travius|Imperial Empire|Travius|None|427246|382426|747|59|Zik|200:1:11
1630|Keano|White Hart Lane|stoggeh|None|427175|260555|2777|401|Ter|10:3:11
1631|griffy|fortblood|griffy|None|426950|374210|879|134|Xan|4:7:20
1632|Tonk|Old|oldtonk|None|426894|386214|678|325|Cat|200:7:5
1633|DrNefarius|Tyrannosis|Daxx|None|425447|379727|762|66|Ter|7:1:19
1634|EmpireShine|We Cannot Move|Goon|None|421276|406156|252|417|Xan|1:4:19
1635|KAIZ|KAIZOID|kaiz|None|421013|384893|602|330|Zik|6:5:19
1636|Patton|Blackerhorn|radikaos|None|419792|391532|471|168|Ter|6:5:20
1637|Mistress|zzhou|Wannabe|None|419620|368800|847|63|Xan|3:7:21
1638|Hey|Look Over There|Shottie|None|417283|386983|505|274|Ter|11:8:21
1639|satking|satplanet|satmann|None|417044|384704|539|261|Ter|4:3:22
1640|Squall|Balamb Garden|Dexter|None|416632|342772|1231|138|Ter|1:6:21
1641|Bruce|Willis|Arwen|Subh|416343|321063|1588|54|Cat|200:16:2
1642|Fishy Wishy|The Deep Blue Sea|PistNBroke|ROCK|415667|276767|2315|68|Xan|3:3:4
1643|Ivan|Ivanland|Ivan|None|414329|334169|1336|227|Zik|200:6:4
1644|Fubar|Scorpious|Scruf|(FirstAlliance)|411627|392187|324|114|Ter|200:10:19
1645|Burger King|Mac Donalds|Mac Donalds|None|411046|285646|2090|324|Xan|11:8:23
1646|Skynet|Belgacom|unimatrix|None|410296|356116|903|51|Ter|200:14:19
1647|APIRO|AIR|kane|None|409835|351815|967|102|Xan|7:10:2
1648|Frosti|haax|Frost|None|409441|213901|3259|35|Zik|8:10:1
1649|CPL|USMarines|Dougy|None|409418|297818|1860|407|Ter|7:10:19
1650|A Piece of Liquid|Raspberry Jam DeltaV|Samyfit|WolfPack|408240|367380|681|81|Ter|200:2:18
1651|doamne|darck|simi|None|408180|206700|3358|694|Zik|12:1:22
1652|Baracus|Galadonia|BlueDemon|None|408084|398844|154|126|Zik|200:18:10
1653|horn|misery|horn|Ascendancy|406775|322595|1403|72|Ter|200:15:12
1654|Kale|Carcasus|Kale|None|404680|293500|1853|300|Xan|7:1:7
1655|Pain|The Rs|Trey|None|404064|304824|1654|135|Cat|5:7:16
1656|RiP|FCKING|rext|Bline|401231|387431|230|302|Zik|7:6:6
1657|veps|oslo|raysyv|None|398701|370021|478|73|Zik|200:1:6
1658|Kurcias|Ltu|Kurcias|None|395711|210251|3091|72|Ter|13:6:1
1659|Pope Philip V|Papal Knights|PJ|Dark Legions|392850|357330|592|90|Zik|200:9:7
1660|silmarilen|new earth|silmarilen|None|391689|289209|1708|165|Ter|200:11:2
1661|Jointforce|Earth|Jointforce|None|391467|385827|94|198|Ter|200:1:3
1662|Arthur Dent|The Planet Earth|mng|None|391279|370339|349|96|Xan|200:15:17
1663|wallace|ambience|little b|None|390227|379907|172|153|Ter|5:10:6
1664|Oxygen|Nitrogen|loekie|None|388762|356782|533|48|Ter|7:1:9
1665|Donk13|Donk13|dragonise|None|388265|295025|1554|267|Xan|1:6:22
1666|Lover|Joana|nautonnier|None|386455|363715|379|170|Zik|6:1:4
1667|barmyarmy|barmyboyos|ohhahh cantona|OOH AHH CANTONA|386371|279091|1788|112|Xan|200:5:2
1668|Koreeos|Kooronia|Koreeos|None|385738|345838|665|81|Cat|200:10:7
1669|Prior|The Ori|Imperio|None|383715|229035|2578|50|Cat|2:10:17
1670|Cortez the killer|Deep forbidden lake|tuz|None|383031|264711|1972|56|Cat|13:2:19
1671|Krom|the Empire of Krom|Krom|None|382536|346656|598|117|Xan|200:16:14
1672|Lord Aenarion|Ulthuan|Excalibur85|Orbit|382173|317613|1076|252|Xan|7:10:22
1673|ezikill|dust|ezikill|None|381435|358395|384|167|Xan|7:10:15
1674|Maccers|ThisPlaceCalledHome|Maccers|None|380510|346310|570|353|Ter|3:10:13
1675|The Attraction|A Roid Magnet|Carrington|None|379879|261799|1968|431|Ter|11:4:15
1676|Sly King|Dumb People|FoX|Dark Legions|379636|206236|2890|73|Cat|7:1:11
1677|Lucky yuo|Good luck|blaaaaa|None|379543|286543|1550|229|Xan|200:15:6
1678|daren|darens world|d4ren|None|375338|208478|2781|81|Xan|7:1:15
1679|JimmyD|Hardcore Hotel|Dude|None|371296|352456|314|310|Ter|7:7:2
1680|Tal0n|Tal0nitris|Phatz|Fatty McFats|370107|233067|2284|193|Ter|2:1:23
1681|valypalade|paladia|palade|None|370048|351868|303|67|Zik|9:2:19
1682|Frost|Icicle|Frost <RK>|None|368453|282953|1425|124|Cat|5:3:19
1683|KeeperHaki|Xion|Keeper|None|367868|348068|330|146|Ter|5:7:20
1684|whitefish|seaworld|ben|Rebel Alliance|363342|248382|1916|157|Zik|3:1:10
1685|MX-74025|The Collective|MX|None|362743|283963|1313|54|Xan|200:20:16
1686|Kevin|hecklar|Kevin|None|361658|343298|306|360|Ter|3:5:22
1687|Nikola|Nikola|Nikola|None|361332|357732|60|183|Ter|200:7:17
1688|Pheonix|Firefly|MBlack|None|358933|355213|62|179|Ter|200:13:6
1689|Sergeant|Militarium|Lizard|None|358232|256352|1698|171|Ter|8:10:15
1690|Bill Hicks|Arizona Bay|dane|None|356296|310036|771|129|Cat|200:4:4
1691|Thomas|Bayern|THG|None|355574|349034|109|259|Ter|200:20:5
1692|?????????|?HOME?|?????????|None|355454|324074|523|373|Zik|1:9:21
1693|Kal|KalLand|Kal|None|355179|335379|330|96|Cat|1:1:7
1694|Squirrel|Zone North|Squirrel|Rebel Alliance|352637|206897|2429|297|Ter|8:10:23
1695|Carlsberg|Carlsberg Export|Heineken|None|349170|307410|696|360|Ter|200:9:1
1696|G3N3R1C|Mus|G3N3R1C|None|348418|339358|151|310|Xan|200:5:12
1697|hunter 2006|war zone|scotty|Rebel Alliance|348181|295861|872|372|Zik|4:7:16
1698|martinbrine|horizon|marty08|None|347808|339828|133|120|Ter|200:14:12
1699|chrisss|iownyou|chrisss159|None|346119|311139|583|81|Zik|200:9:9
1700|Fakky|Trancestate|Fakky|None|343970|335510|141|303|Ter|200:8:9
1701|Tedd|Kingsize|TeddyA|None|342772|147052|3262|267|Ter|13:2:5
1702|timeline|rapid decay|timeline|PATSA|342725|260285|1374|65|Ter|1:1:5
1703|chibbit|chimini|chibbit|None|340953|173673|2788|402|Zik|6:10:21
1704|Lord Hyantus|Unatus|devil|None|338798|319958|359|525|Xan|5:1:16
1705|ultimatespartan|spartansville|ultimatespartan|Orbit|338607|317127|358|300|Zik|7:4:7
1706|Elizabeth Duke|Cubic Zirconia|Arse|None|338091|293571|742|188|Ter|11:4:3
1707|Ghostalker|Tiberia|Ghostalker|None|337953|293733|737|223|Ter|9:5:18
1708|im gonna get ya|and wedje ya ahahaha|wedje|AZZ KIKERS|337839|247119|1512|196|Xan|2:10:5
1709|Jahow|Arkle 7|Jacob86|None|336163|329443|112|271|Ter|200:15:5
1710|danrr|rathglaxx|gavroche|None|335406|317526|298|152|Ter|10:4:18
1711|Malcolm Reynolds|Persephone|Jayne|None|330546|270186|1006|318|Cat|3:10:20
1712|Cheeses|Cheeseomania|Cheeses|None|330440|327380|51|140|Cat|200:11:16
1713|goku2224|hamster munch|goku2224|hamsters munch2|327915|186855|2351|54|Ter|7:1:2
1714|kelju|kojootti|Goa|None|326994|248934|1301|135|Ter|8:10:14
1715|Dajmin|Kronus|Dajmin|None|326716|274816|865|292|Zik|13:8:2
1716|Darth Revan|Earth 3|Darth Mike|The Sith Fleet|324876|286476|640|135|Ter|200:16:8
1717|Dogz|Tyler|Dogz|None|323321|226361|1616|375|Ter|3:3:7
1718|Shakesdajuggalo|Faygo Paradise|Shakes|None|321044|278384|711|655|Ter|7:10:10
1719|Cheecher|Highya|eXin|None|320343|312663|128|238|Cat|200:16:7
1720|Aginaridan|jAveLL|Aginaridan|None|319618|312538|118|280|Ter|200:14:16
1721|pandawalima|Pandawa|bastard|None|319147|216547|1710|113|Ter|13:2:6
1722|Romanian Born|Next Round|Electric|None|318638|280358|638|65|Zik|3:1:19
1723|The Eel|Eels Coven|Rich|Coven|316027|303607|207|200|Zik|12:2:22
1724|Professional|Crastination|Jaundice|None|315664|309664|100|120|Cat|8:10:18
1725|Marshall Rains|Belorefon|Rains|None|312665|260285|873|78|Xan|200:17:17
1726|Garet Jax|Kennon Pass|Cupelix|None|308439|259719|812|180|Zik|5:8:22
1727|Rebirth|Concordium|Error|Subh|307854|70914|3949|129|Xan|8:10:22
1728|StellaStarr|Stargazer|SwaY|None|307787|198347|1824|23|Cat|200:1:21
1729|-Father Sky-|-Mother Earth-|Marucci|None|307777|192037|1929|225|Ter|13:6:10
1730|DB|Iceball|dogboy|None|306616|278896|462|123|Zik|200:20:7
1731|DaffyDuck|WarnerWorld|Daffy|PATSA|306295|253255|884|69|Zik|1:1:3
1732|Dave|_Dave_|Dave|None|301015|298015|50|215|Ter|1:4:1
1733|Destruction|Anorexia|exblade|None|300828|197868|1716|12|Xan|13:6:2
1734|Strife01|Lunesta|Red XIII|Rebel Alliance|300770|223550|1287|72|Xan|200:15:16
1735|Martin Jol|Spurs|Martin Jol|None|299116|191836|1788|459|Ter|2:1:4
1736|Mota|Intermission|Ixnayman|None|298447|286447|200|63|Xan|7:1:17
1737|Elvis|Elvis land|Elvis|None|296611|281971|244|236|Ter|5:8:14
1738|Dimmy|WMP|Dim|None|293393|278873|242|270|Zik|11:3:19
1739|fritjof|nansen|Henzi|None|292114|257554|576|286|Xan|5:6:13
1740|Big Boomer|The Locust|goobers|None|291882|279162|212|315|Xan|8:1:21
1741|Pappillon|Butterfly|Pappillon|None|291254|226214|1084|158|Zik|11:4:12
1742|Untitled_Ruler|Untitled_Planet|Untitled|None|289022|266642|373|109|Ter|200:9:17
1743|CapKnight|DeathMole|Giggz|None|287841|261741|435|48|Xan|200:4:10
1744|Rfa|Outpost delta 2|Rfa|None|286689|280149|109|292|Ter|11:3:23
1745|anarking|anarkings|Nobody|None|286640|256400|504|33|Ter|200:13:2
1746|Sister|Lust|elfy|Hidden Agenda|284559|249579|583|77|Zik|200:11:1
1747|Tony The Blind|Blob|Yaa-yoo|Light Bringers|283949|274409|159|342|Ter|200:15:4
1748|No Ruler|No Planet|Unknown|None|283338|276498|114|288|Cat|200:17:3
1749|filip2|filip3|filip1|None|283123|275143|133|307|Ter|200:2:12
1750|dusica1|dusica2|dusica1|None|282413|274373|134|308|Ter|13:2:17
1751|Panther Jakke|Lusxette|Panthirez|None|281992|241192|680|510|Ter|3:4:19
1752|- Kyoshiro -|- Mibu -|MM84|None|281423|104363|2951|57|Ter|200:11:13
1753|leif|backwater|torinaga|None|279750|119670|2668|180|Xan|13:6:22
1754|leo890|plantleo21|leo|spuds|278627|246527|535|396|Xan|7:7:23
1755|Cheezy|Cheeze|Cheezy|None|272960|253340|327|513|Ter|5:6:19
1756|Dorg Valland|Valland|Dorg Valland|Norway|272355|257235|252|84|Ter|200:17:2
1757|Jodo Kast|Hoth|Jodo Kast|None|271792|247372|407|398|Ter|4:7:22
1758|Hoshunin Eko|Mikura|Eko|Cruel Edict|271513|253993|292|296|Zik|11:4:23
1759|Tone Damli aaberge|The blizz|sh0rty^|None|271385|245885|425|611|Ter|5:5:21
1760|Dimitri Vladislaus|Obruchev|Blumoehr|None|269282|232442|614|487|Ter|8:9:15
1761|Super Ruler|Uoambay|Super Ruler|None|268485|261705|113|287|Ter|200:2:17
1762|Lexx|Morefat|Lex|None|268075|229135|649|588|Ter|9:5:1
1763|Zerratul|Heruinas|HisDivineShadow|None|267498|234798|545|225|Zik|13:2:15
1764|MrCheez|Cheez It|MrCheez|None|265857|253257|210|360|Xan|3:3:9
1765|owwwwwww|owwwwww|ow|None|263801|247241|276|131|Ter|3:1:1
1766|boneass|boneyard|boneass|None|263717|179597|1402|29|Cat|200:14:10
1767|Nortos|Nortos Realm|Pan|None|262401|256101|105|265|Cat|10:7:6
1768|King_Arthur|Camelot|Arthur|None|260728|222028|645|525|Zik|13:8:22
1769|arrest|me|allicante|None|260607|257607|50|111|Ter|200:19:5
1770|DrMuddlinThru|MuddyRivers|nonick|None|257079|209679|790|61|Zik|7:1:22
1771|Che|Cuba|OlaTa|hirr|256608|88788|2797|176|Zik|11:9:9
1772|DennyS|Romania|dennys|None|256403|241943|241|427|Zik|1:6:20
1773|DrEvil321|EvilWorld|Doc|None|255761|226601|486|600|Ter|1:6:23
1774|Night Kingdom|Darkness|Night Kingdom|Dark Legions|254435|249035|90|270|Zik|13:4:11
1775|Europump|Alpha-Peet|Euro|None|252274|242974|155|332|Ter|200:18:14
1776|Drake|Fourhearts|Drake|Hidden Agenda|250526|217706|547|84|Ter|8:10:5
1777|Laars|Laarzon|Laars|None|248066|210926|619|571|Ter|13:6:15
1778|Black-Hawk|The-Chaos-Realm|g0rg|None|247337|212897|574|741|Xan|5:5:13
1779|Commander Morkai|Fenris|Morkai|None|246702|244902|30|192|Ter|200:8:17
1780|captain Argos|argos direct|captain argos|None|246658|231718|249|394|Ter|7:6:19
1781|Gothu|Dacia|Gothu|None|245914|243034|48|216|Cat|200:12:18
1782|Yewst|Zunda|Yewst|None|244991|219431|426|129|Cat|200:1:12
1783|Floater|The Lost Sea|Kite|None|244176|238296|98|275|Ter|4:3:17
1784|FreedomThruBlood|FullMetalPlanet|Ed Elric|None|243162|188322|914|312|Cat|200:3:1
1785|Ender|Eros|kungfubruce|None|243085|205945|619|129|Xan|200:12:4
1786|Adam the Great|p9-x11|Adam|None|243004|232144|181|391|Ter|8:2:4
1787|Freelancer|Alexis|Freelancer|None|239842|238762|18|180|Ter|200:9:16
1788|Chef|You Shaddap|Chef|PATSA|238656|136476|1703|396|Ter|1:1:4
1789|L33 2K6|Zog|lee76006|Rebel Alliance|236933|211073|431|390|Zik|10:5:5
1790|Bratac|Dakara Prime|Dakara|None|236699|189359|789|286|Ter|3:4:23
1791|chg1992|Wolfsplanet|Christoph1992|Planetenfeld|234462|234462|0|141|Ter|200:12:15
1792|Tunafish|Waterworld|Tunafish|None|232000|227320|78|264|Cat|7:10:11
1793|Draffodx|Huzzar gerth IV|Draffodx|None|231105|229305|30|198|Ter|200:5:7
1794|KickingK|The Alphabet|KickingK|virus|230856|228816|34|214|Ter|13:6:20
1795|Professor X|X-Men Mansion|Ice Man|None|229907|227507|40|40|Cat|200:5:19
1796|aTTacK Me|I am Teh SuCK|Winner|None|229320|212160|286|139|Zik|9:5:23
1797|tawg|never ending boredom|tawg|None|228668|227108|26|194|Xan|200:19:9
1798|Prof Ubujaba|Ooga Booga 5|Ubujaba|None|228567|220107|141|81|Ter|200:17:6
1799|Gardnerian|WiccaWorld|kiel|None|228472|227752|12|186|Zik|200:5:9
1800|Dmaster|Sanctuary|Ivan23|None|227436|188076|656|151|Ter|2:10:11
1801|Lord Festen|desert of illness|lightspeed|None|226020|196860|486|168|Xan|200:1:16
1802|flameboy646|planet flame|flame|spuds|225231|207111|302|333|Zik|10:4:23
1803|s0n|light_|sueno|None|225070|222190|48|219|Zik|200:15:18
1804|Benjamin|Funious|Jamin|None|225043|222703|39|222|Ter|13:7:17
1805|ashura|what planet?|ssbn742|None|223935|222735|20|139|Ter|13:6:13
1806|bloodXhonour|FEARvLOATHING|bloodXhonour|None|223794|222174|27|192|Xan|200:10:13
1807|SuB|Grensegata|SuB|None|222379|222379|0|174|Xan|200:8:5
1808|Nookie|9 teen 90 nine|Bizkit|None|220447|220447|0|183|Xan|8:2:19
1809|Emporer Krassk|Xandrithil|Fingolduin|None|219558|215298|71|254|Zik|200:10:11
1810|Otoha|Planet Bob|Justin|Cruel Edict|218852|187892|516|282|Ter|13:2:2
1811|medragon5|mystirous|kev|None|216540|216540|0|175|Ter|7:2:2
1812|Shazu|Nocturnal|Zazu|None|215830|134110|1362|220|Zik|200:8:14
1813|Testicle|Faith|Holppa|None|214470|211230|54|231|Ter|200:16:9
1814|thrasybulus|northern lights|thrasy|None|213785|210845|49|218|Ter|12:5:11
1815|marius|darklord|marius|None|212775|209895|48|216|Ter|200:13:5
1816|Gizzit-Whirr|Klik-Klik-Boom|Giz|None|212131|211231|15|180|Xan|200:2:8
1817|Titusmaximus|Legion of the Dead|Notwal|None|212034|208614|57|231|Ter|200:2:13
1818|lord neal|varrock|lord neal|None|210993|210093|15|177|Zik|12:6:22
1819|keeg|eronium|keeg|None|210988|210688|5|164|Zik|200:13:11
1820|Skarfang|The fang|bobbymoore|None|210931|168031|715|333|Ter|12:5:15
1821|hideaway|underwatercity|bubble|None|208109|184829|388|48|Cat|200:9:8
1822|drummer|sticks|chez|None|207238|170698|609|99|Ter|200:11:8
1823|Emperor Tutankhamen|Egypt IV|Emperor Tank|None|207049|197209|164|180|Ter|2:1:19
1824|Murmelous|RumaQ|juffeli|None|206658|205098|26|197|Ter|200:11:4
1825|Marv|Support|Marv|PATSA|205548|144168|1023|549|Xan|1:1:6
1826|Lord Hailou|Tepotia|Hailou|[TeIk]|205140|205140|0|87|Xan|200:19:13
1827|Zach Dylan|Cubao|Colenzo|None|202058|200858|20|185|Ter|200:19:10
1828|Drink vodka be happy|Vodka LAND|XRay|None|202034|179534|375|348|Xan|2:1:10
1829|House|MD|kalleanka|None|201917|201917|0|174|Zik|200:20:15
1830|Wizzard from Oz|The Earth of Oz|Kjetta|None|201715|176035|428|137|Ter|3:1:5
1831|Sun Dog|Hells Sands|Sun Dog|None|200887|186247|244|118|Ter|2:10:15
1832|thx|all|brutus|Hungary|200709|97029|1728|120|Zik|7:3:22
1833|zoppe|dapadipa|fakeh|None|199921|146281|894|341|Xan|11:4:2
1834|haha|SpanSuS|SpanSuS|None|199758|199758|0|168|Cat|200:15:14
1835|mobious|no homer|mobious|None|198730|198730|0|168|Ter|200:1:15
1836|Gene Starwind|Outlawstar|Gene|None|198093|198093|0|171|Ter|200:4:7
1837|Wnoid|Wjensen Interglade|Wjenesen110|None|195858|194238|27|195|Zik|200:3:3
1838|the exile|arcosis|the exile|None|195813|194913|15|183|Ter|200:8:12
1839|Stunner|Your Heart|Nafa|None|195690|186030|161|37|Cat|200:4:15
1840|Mitre|The Mighty Xanadu!!|Mitre|Xanadu|194436|170496|399|112|Xan|200:5:16
1841|Insane_Observer|Kangoeroes|Insane_Observer|None|193566|189546|67|220|Cat|200:13:13
1842|Dahliane|belgariad|Ghostblade|None|193400|170720|378|156|Xan|13:2:4
1843|the great dude|jonesbourgh|nemesis|None|192567|189687|48|225|Ter|200:19:14
1844|The Iron Mage|Ptolus|The Iron Mage|None|192300|192300|0|165|Ter|200:18:3
1845|the laziest player|the whole universe|stu|None|192097|188857|54|54|Ter|200:9:5
1846|Mary Jane|Home Grown|Mary Jane|None|191393|191393|0|165|Ter|200:14:8
1847|The Doigberg|The Iceburg|Doigburg|None|190552|184132|107|302|Ter|6:9:21
1848|MonsterMan|KD|Lunatic|None|190181|173861|272|417|Ter|8:1:20
1849|Federal Bureau|Investigation|Solo^|None|189737|143657|768|103|Cat|7:1:6
1850|6700TAFFY|PAOLOS|SLIDER244|None|189090|179070|167|350|Xan|13:2:12
1851|master goju ryu|dojoeskoyo|dan the man|None|188460|166860|360|546|Xan|6:5:4
1852|Black Acid Rock|Lost Souls|BAR|None|188266|179626|144|300|Xan|3:4:8
1853|Practice more Noob|Emerce|PMN|None|187806|184926|48|90|Xan|200:14:13
1854|rocksun79|rocky|rocky|None|186775|184915|31|205|Ter|200:12:17
1855|Jigg saw|Evil Inside|zel|None|186639|146979|661|460|Cat|4:7:21
1856|Dark Chaos|Menhoh|Chaos|None|186536|182216|72|255|Cat|200:16:17
1857|freerider|mudder Erde|niedi|None|186400|186400|0|165|Ter|200:5:5
1858|Flintovski|Flintville|Flintovski|None|186174|183294|48|225|Zik|13:2:11
1859|redline|BigRed|Redline|None|184697|184697|0|171|Ter|200:9:4
1860|Spartacus the Great|Spartacus|Brain|None|184640|184640|0|165|Zik|200:15:1
1861|Dignan|North Pole|Dignan|None|184328|184328|0|168|Ter|5:8:1
1862|Influx|Exarch|Exarch|None|183760|183760|0|165|Cat|200:6:13
1863|Kronologie|Killerloop|p77pav|Bline|183707|177047|111|312|Zik|2:2:17
1864|gay|the_village|asffdsgas|None|183320|183320|0|165|Xan|200:17:14
1865|Mike|Missile|ooola|Light Bringers|183037|178417|77|266|Zik|8:10:11
1866|myk|decidedly coded|myk|PATSA|182990|145430|626|25|Ter|1:1:10
1867|cza|rawr|bouncer710|None|182875|182875|0|168|Ter|200:12:1
1868|materials|materials|Spurs|None|182430|182430|0|168|Ter|200:17:7
1869|Ruler Duler Buler|Red Hot Moon|Laurensja|None|182276|169316|216|231|Ter|13:6:23
1870|Dino|Diamond|Niko|None|182121|124341|963|497|Xan|2:10:7
1871|The Tormented Soul|An Angel|Kaino|None|181985|181985|0|168|Xan|200:18:7
1872|Gameon|Orion32|Starfury|None|181654|179074|43|220|Xan|6:10:3
1873|LumberJack|Amaterasu|Arruor|None|181553|179753|30|207|Ter|7:7:18
1874|Java|Liverpool|DJ|None|181260|181260|0|168|Zik|200:14:9
1875|Boertie|Nijevene|boertie|None|181064|173864|120|51|Zik|200:15:7
1876|Bagg|Jiz|moby|None|181060|181060|0|171|Zik|200:4:2
1877|Unbelievable|Miracles|draculas|None|179820|179820|0|171|Cat|200:1:8
1878|Last stand|the Sappers|sapper|None|179730|167070|219|404|Zik|7:6:21
1879|Evil Rod|Rodet|rod|None|177420|177420|0|171|Ter|2:1:2
1880|Ancient Art|Killing|Teffer|None|177299|174899|40|182|Ter|200:7:16
1881|Umgrud|DoomFish|R1PP3R|None|176609|175709|15|195|Ter|2:1:18
1882|Petrowski|Dark Planet|Petrowski|None|176293|176293|0|171|Zik|200:5:8
1883|Lord Hirsty|The Unkown|Lord Hirsty|None|175320|175320|0|171|Zik|200:5:13
1884|JAAY|IS BACK|Jaaay|None|174740|171680|51|234|Ter|200:8:15
1885|Jefeman|Oltrafford|mrjefe|None|174536|172256|38|221|Zik|200:3:7
1886|Apparentius|X-GeN|Estonic|None|174163|161743|207|321|Zik|6:9:6
1887|_SYC_|SYCO|Scope|None|174097|173017|18|201|Ter|12:2:23
1888|mad_mat|Matopia|mad_mat|Terrans|173721|161601|202|350|Ter|6:2:22
1889|zerlox|zermomma|perogavtif|None|173598|173298|5|185|Ter|200:1:1
1890|Moriar|Angratio|Moriar|None|173235|172215|17|197|Xan|200:11:14
1891|Doped Youth|Doped Youth|Fire Water|None|172920|172920|0|171|Zik|200:9:12
1892|Craixs|Malou|Champen|None|172202|172202|0|174|Ter|200:15:13
1893|Kejsar Ding|Gyllenbl�|Bananmos|None|171570|171570|0|171|Ter|200:16:3
1894|starwarsfanforever|starwarsfanforever|starwarsfan|None|171308|170588|12|189|Ter|10:5:21
1895|199,287|199,287|jomamafat12|None|170885|170885|0|174|Ter|200:18:12
1896|Castor_Troy|Serenity|C.T|None|170782|164122|111|300|Ter|6:10:22
1897|ZaOan|Bogusia|Bogs[RO]|None|169770|169770|0|171|Ter|200:20:4
1898|Rick|Tyrion 7|Big R|None|169770|169770|0|171|Ter|200:16:10
1899|zackov|zackovax|zackov|None|169698|169698|0|180|Ter|200:12:19
1900|Mr E|Planet E|Mre|None|169200|169200|0|174|Ter|200:12:11
1901|Immortal King|Phat Land|Marijuana|None|169106|169106|0|171|Xan|5:7:17
1902|Phoenix400165|Phoenix4001|Phoenix400|None|169065|169065|0|174|Ter|200:4:9
1903|Snot_box|Bogey|Snot_box|None|169018|145198|409|258|Cat|5:8:17
1904|Grinsa|Terranopolis|Mat TS|None|168990|157830|186|323|Ter|5:6:23
1905|Logistician|Hulst|Logistician|None|168306|168306|0|183|Ter|200:8:11
1906|- Dance|The Corpse -|PZio|None|168211|165151|51|111|Xan|7:1:3
1907|Westfall|Noisewater|Tidge|None|168072|167712|6|183|Cat|200:9:10
1908|yourrite|hesback|noc|None|167757|167757|0|183|Ter|200:5:11
1909|Malik the Augment|Augment Homeworld|Augment|None|167700|167700|0|174|Ter|200:17:16
1910|Nicholas Taralterius|Canadiana|zandrda123|None|167269|167269|0|177|Ter|200:9:6
1911|Kaizeren|Skamania|gnom|None|165945|165765|3|180|Zik|200:7:13
1912|DeCoYian|Mirror|DecoY|None|165425|165425|0|174|Zik|200:4:18
1913|Archimede|Caprica|yougo|None|164990|161930|51|237|Ter|200:18:5
1914|Jo|Knuddelchen|Winni|None|164160|164160|0|177|Zik|200:7:7
1915|Switch|Tanith|Switch|None|163952|163952|0|183|Cat|200:14:11
1916|TheKing|Everything|Zechs|None|163700|163700|0|177|Ter|200:7:1
1917|Overlord Daragh|Tramps Village|Daragh|None|163480|163300|3|186|Xan|200:1:14
1918|Aiwer|The Passed Ones|test|None|161468|159668|30|219|Ter|3:1:7
1919|Lush|Inebriated Idiot|Lush|None|160775|160775|0|183|Ter|200:20:14
1920|MANNERS|MANNERS|RIPSPEED|CHOOSEN ONES|160638|152958|128|329|Ter|7:9:21
1921|Ryu1|Fantasy1|Ryu1|None|159088|159088|0|186|Zik|6:10:7
1922|Emperor Sylvan|Lupus|Sylvan|None|158350|158170|3|183|Ter|200:10:9
1923|Nelo Angelis|Fallen Angelz|Nelois|None|158119|157159|16|16|Cat|200:10:6
1924|Bumble_Bee|KillerBee|Zeeuw|None|157995|152655|89|284|Zik|10:8:13
1925|Kurtum|Wolvetarion|Wolfje|None|157720|157720|0|177|Ter|200:9:11
1926|Donnie|Donnies|Donnie|None|156195|155895|5|185|Ter|200:4:1
1927|Wtfpwn|DarkWorld|Maniak|None|156045|155505|9|189|Ter|200:1:10
1928|Pre|1,914|JJohny|None|155880|155880|0|177|Xan|200:13:1
1929|Dogs|Game Freak|DOGSPM|None|155648|155648|0|183|Xan|200:18:17
1930|seraph|Codex 1|seraph|None|155645|63665|1533|133|Ter|3:4:20
1931|shakatak|kortrijk|shaka|None|154430|146330|135|330|Xan|200:16:15
1932|Natural Born Killer|The Psycho World|sveira|None|153960|153780|3|192|Cat|200:7:18
1933|Iroll20s|NoobLand|Iroll20s|Hidden Agenda|153684|147864|97|301|Zik|2:3:1
1934|Minto|JanJangos|Minto|None|152507|150527|33|225|Ter|200:15:2
1935|Bob|Bobby land|Bobby bobster|None|152003|116963|584|201|Ter|7:1:8
1936|Crille|Cabinriceway|Crille|None|151687|139807|198|102|Xan|3:1:22
1937|Kraynor|Maraudus|Kraynor|None|151166|150086|18|210|Ter|200:8:8
1938|You are|So desperate|eksero|None|150957|132357|310|82|Cat|7:1:18
1939|Freon|Alpha Centuri|Sokorro|None|150944|150944|0|108|Zik|13:2:8
1940|Fred McGee|George|Lucky|None|150735|150735|0|180|Ter|200:3:18
1941|BuschMaster|Busch|BuschMaster|None|150700|150700|0|183|Ter|200:5:14
1942|Attitude|Spaghetti|Buick|None|150497|150497|0|186|Xan|13:6:21
1943|Peachy|Peepo|Peach|None|150035|146795|54|183|Xan|6:1:22
1944|weud|Turkiye|weud|None|149200|149200|0|183|Zik|200:19:1
1945|Zaldinfox|Manetheren|zaldinfox|None|147944|142004|99|303|Ter|3:1:4
1946|KYe|KYeWorld Wanderer|KYe|None|147790|147790|0|183|Ter|200:10:15
1947|Satass|satass1|al606|None|146227|137647|143|344|Zik|4:1:21
1948|DragonLair|Planet Hell|Nightwish2k3|None|146127|143067|51|93|Xan|7:1:20
1949|Necrozz Oviblion|Shadow Ovibliox|Bran|None|146123|145043|18|204|Zik|13:1:19
1950|Havoc|FTW|Havoc|Bline|145575|139815|96|297|Cat|3:4:16
1951|malkinking|pghpens|jason|Less actives|145162|142282|48|99|Xan|3:1:18
1952|The little men|The big world|dhoogk|None|143383|137563|97|301|Ter|13:2:7
1953|Superman88|Krypton07|Superman|None|142946|142406|9|201|Ter|4:9:20
1954|Ruler of 123|123 Fake Planet|none|None|142580|139520|51|243|Ter|200:9:14
1955|Moondog|Mao|Moondog|None|140740|140740|0|183|Ter|200:4:16
1956|chavking|chavland|ratface|None|139730|136670|51|243|Ter|200:10:12
1957|HIM|Merthyr|DaiPolly|None|139520|139520|0|186|Zik|200:5:15
1958|mattypops|mattronia|mattypops1|None|139068|132168|115|319|Ter|3:2:23
1959|Lord Artisto|Arrandrall|Artisto|None|138570|138570|0|186|Xan|200:4:14
1960|Titan|Sinite|Iceman-1|None|138570|138570|0|186|Cat|200:11:12
1961|Melkor|aenema|aenema|None|137360|137360|0|195|Ter|13:8:4
1962|SirAdibTheGreat|XUTUXUZ|adibtheman|None|137220|137220|0|90|Cat|7:1:12
1963|Prince Jericho|Y 2 Jericho|Jericho|None|136783|136783|0|189|Ter|5:4:23
1964|Pitonator|At Dawn|Pitman|None|136348|135328|17|206|Ter|200:17:4
1965|Goku|Saiyan|Gunit|None|136022|136022|0|189|Zik|200:18:8
1966|Bluewonder|Moonglade|Cuad|None|134882|130022|81|285|Ter|1:6:6
1967|capt hairy|ape world|laskar|None|134668|133288|23|224|Ter|12:1:23
1968|Mr Fix it|Zalagoodumbee|chodu|None|134014|122134|198|33|Zik|200:19:19
1969|Sorjon|Undrentide|Sorjon|None|133649|129689|66|270|Cat|4:2:1
1970|Sergos|Remos|Asim|None|132993|129933|51|246|Xan|7:6:15
1971|deeptoot|Vargon 6|Anubus|None|132615|131715|15|204|Ter|200:9:13
1972|Evasionist|Homeworld alpha|evasionist|None|132435|130095|39|234|Ter|13:1:23
1973|SirNaust|B�rum|Naust|None|131520|131520|0|189|Ter|4:8:2
1974|Enfurion|Enfuria|enfu|None|131510|128450|51|246|Ter|3:1:11
1975|minatory|gh05t|geesuz|None|131390|125870|92|296|Cat|7:4:22
1976|roffelcaeks|RAWR McROXXORZ|godpuppet|None|131040|131040|0|189|Ter|7:8:22
1977|KurtGandalf|KurtStar|KurtGandalf|None|130589|128429|36|36|Xan|200:20:9
1978|Judicator Angelus|Drakonia|Angelus|Ordos Anglus|130433|124493|99|300|Ter|200:10:14
1979|horn2|misery2|horn2|Ascendancy|127334|110174|286|490|Cat|200:9:3
1980|SkyWarpTFB|SkyWarpsStronghold|SkyWarp|None|127225|127225|0|141|Ter|3:1:6
1981|sukkergutten|planet chandler|sukkergutten|None|127200|127200|0|189|Xan|200:20:2
1982|Tapaculo|World of Hogs|Tappy|None|127084|125884|20|218|Ter|200:16:13
1983|Ambelliena|Apollo|cheerer75|None|126720|126720|0|189|Xan|200:1:4
1984|US_Army|The_Combat_Engineer|Us_Army|None|126240|126240|0|189|Ter|200:15:3
1985|Grim the Great|Karak Azgal|Grimmy|None|125870|123710|36|36|Zik|200:12:13
1986|Emperor Sir|Nouveau Terre|CDNNinja|None|125735|125735|0|189|Ter|1:6:12
1987|No idea2|Wazzap|Hennerie|None|125244|75504|829|102|Zik|200:6:12
1988|ownage|p00nage|h0n3ynut|None|124800|124800|0|189|Xan|2:10:14
1989|Stooeh|Arcanumova|Stoo|None|121602|121122|8|200|Ter|200:10:8
1990|Geno|Equilibrium|GenoCyde|None|120285|119745|9|9|Xan|200:4:25
1991|JaYcUk|BBurn|johnc|None|120083|117923|36|240|Ter|11:4:20
1992|Salvatori|Ubiquitous|Salvi|None|119485|119485|0|192|Cat|200:3:15
1993|CoKoN|Dessert-Prime|CoKoN|None|118869|113949|82|289|Zik|7:8:21
1994|Serillious|Baraccous|Bezz|None|118470|118470|0|192|Xan|200:16:16
1995|Funi|Funi|Funi|None|118463|114923|59|266|Zik|7:10:18
1996|MysteriousMage|Ashen Empire|Abyss|None|118295|112115|103|310|Zik|3:5:21
1997|Speedu|Planett|Speedu|None|118111|117211|15|210|Xan|200:4:3
1998|matekoooo|monolit3333|88,888,888|None|117972|117012|16|212|Cat|11:3:22
1999|Scramblor|Eggland|Scramblor|None|117405|117345|1|193|Ter|200:3:13
2000|occidere|necarein|occidere|None|117015|117015|0|192|Xan|13:6:16
2001|ruler otis|rekindu|ruler otis|None|116045|116045|0|192|Xan|200:12:14
2002|Skahrhati|Onhwentsa|Hiio|None|115900|115900|0|195|Zik|200:20:6
2003|willgurht - Master|dm6 - the dark zone|willgurht|None|114267|114267|0|195|Zik|200:19:6
2004|Zhaka Zulu|Terra Firma 6|HOG|None|114092|114092|0|198|Zik|2:1:5
2005|Acjutah|Ananta|Hayagriva|None|113056|101176|198|297|Zik|7:1:21
2006|Possum|South Central|Maka|None|112470|112470|0|195|Zik|200:19:11
2007|newbieman|planetarion thingy|Gilly|None|112275|109035|54|258|Cat|8:9:12
2008|made|guts|made1|None|112001|109661|39|240|Xan|3:4:9
2009|Dante|Luin|Dax|None|111980|111980|0|195|Ter|200:1:17
2010|Rodriguez|Ondskapens Bordell|borte|None|110842|109042|30|237|Ter|10:4:19
2011|Hagen|ScruffPot|Saber|None|110505|102225|155|348|Ter|2:3:21
2012|The Shining|Fits Like That|Shining|None|109580|109040|9|210|Ter|200:7:9
2013|olaying|havoc|super|None|109530|109530|0|195|Zik|200:12:6
2014|Katana|Bleached|katana|None|109494|106254|54|258|Ter|8:10:6
2015|Clint Cy|TianFeng|Ling|None|109310|109310|0|198|Ter|3:1:9
2016|LinkTriforce|Hyrule Field|LinkTriforce|None|106980|106440|9|210|Xan|200:19:7
2017|Zues|Mars|Fange|None|106552|104752|30|231|Xan|1:2:20
2018|Vetus|Ventus Ridge|Vet|None|106310|92390|232|436|Xan|2:3:23
2019|-=Lord Spicker=-|-=ARGON ONE=-|Spicker|None|105973|105973|0|204|Xan|5:6:15
2020|von Prutz|Kristland|Theocratic Jeff|None|105610|105610|0|198|Ter|200:14:17
2021|Mason|Barnabas|Mason|None|104388|103848|9|210|Cat|7:1:23
2022|Megaman|MegaPlanet|Megaman|Orbit|103031|95951|118|255|Cat|3:5:20
2023|joeykani|joeysbar|joeykil|None|102615|102195|7|205|Ter|200:16:12
2024|SlothfulMarco|Cymru am beth|SlothfulMarco|None|101922|99762|36|240|Ter|200:5:3
2025|tunnel|full|jam|None|101794|96214|93|300|Zik|6:2:23
2026|Dragonjac|Afalia|Dragonjac|None|101020|101020|0|201|Ter|5:7:22
2027|ryan|jackspine|fuckables|None|100875|100875|0|198|Zik|200:8:1
2028|prokar|hit the lights|prokar|None|100577|100577|0|201|Xan|2:1:21
2029|Tiberius The Defiler|Falshia|Tiberius|None|100380|100380|0|198|Ter|200:17:12
2030|Grand Cru|Beez Neez|Crumpet|None|100308|71508|480|138|Cat|7:1:4
2031|LordofStoners|Cannaboid|Usagi-san|None|99656|99116|9|213|Xan|9:10:21
2032|XelNaga|DarkHole|XelNaga|None|99520|99520|0|201|Xan|4:3:12
2033|Zookfeit|Xookfeist|Xoox|None|98895|98895|0|198|Xan|200:8:16
2034|Corumn Woodlice|Woodlice Island|Woodlice|None|98830|95770|51|255|Ter|5:10:1
2035|Tosjke|Creation Of Fire|The Last Shadow|None|98520|98520|0|201|Ter|200:18:15
2036|phreaq|phreaqazoid|phreaq|None|97935|97755|3|204|Ter|8:10:21
2037|Smoor-A-Lot|PlanetWeed|Kabim|None|96865|96865|0|150|Zik|2:10:1
2038|IIIIIIJohannoIIIIII|IIIIIIIIIIIIIIIIIIII|Johanno|None|96772|91192|93|300|Zik|7:7:20
2039|AlexNOS|Freekill|AlexNOS|None|96732|89232|125|335|Ter|7:3:4
2040|codydrack|DRACONIAN|Dracom|None|96520|96520|0|201|Cat|200:11:17
2041|splodge|soupland|amendo|None|95037|94677|6|210|Ter|2:3:20
2042|Skyline|Romulus|skyline5gtr|None|94797|91737|51|255|Xan|1:9:13
2043|Margera|xenaVI|Toetti|None|93547|93547|0|201|Ter|200:4:5
2044|LordOfChaos07|KaotiCLandS07|Chaos420|None|93355|88855|75|279|Ter|10:8:15
2045|shambler|Dark Zone|spoink|None|93020|93020|0|201|Ter|5:5:23
2046|monkeyking|kingmonkey|j0v1|None|91734|91554|3|207|Ter|13:3:20
2047|Worbel|Cain|Worbel|None|91020|91020|0|201|Ter|200:2:3
2048|torturer6660|homlandofdoom|andymabon|None|89982|89982|0|204|Ter|200:5:1
2049|Titanos|Endless wave|IPx|None|89828|81308|142|349|Xan|5:1:20
2050|Alex|BOB|The Killers|None|88500|88500|0|204|Ter|3:1:8
2051|Starkster|Nawstips|Naws|None|88074|86994|18|225|Zik|3:10:15
2052|The Visioneer|Obscure|The Visioneer|None|88015|88015|0|204|Zik|200:6:3
2053|Akkhina|Alageasia|Kiya|None|87773|86513|21|228|Cat|3:3:8
2054|Yehovas|Agarios|Yehovas|Ordos Anglus|86990|86990|0|204|Cat|200:6:15
2055|coolriccardo94|runescape|rich123|None|86790|86610|3|207|Zik|6:6:21
2056|Nectarine Remington|Nectaria|Nect|None|85490|85490|0|204|Ter|200:5:10
2057|Pepe|Organian|Pepe|None|84985|84985|0|204|Ter|200:6:1
2058|diabol|ouelletta|babhometh|None|84863|84683|3|207|Cat|7:2:12
2059|charon|styx|charon|None|84197|84197|0|210|Xan|7:9:23
2060|Salmond|Tholon|Captain Surrey|None|84015|84015|0|105|Ter|8:10:8
2061|JihadJoe|Semitar IV|Marko|None|83975|83975|0|204|Ter|200:7:19
2062|corrosive|pandemonium|xpboje|None|83207|83207|0|207|Zik|10:4:1
2063|Gobnocker|Velious|Gobnocker|None|82997|80477|42|249|Cat|10:4:22
2064|Bickmat|Trinsic|Bickmat|None|82885|81085|30|237|Ter|8:4:17
2065|Those of Us|Who Cant Be Here|Reviction|None|82341|81261|18|18|Xan|200:12:9
2066|Shez|Omocron Persei 8|Seanius|None|82192|81472|12|219|Xan|8:4:20
2067|I AM ZOG|PLANET ZOG|Gibsons11|None|81545|79745|30|240|Ter|2:6:15
2068|Bubbleland|bigbud|Bud|None|81415|80395|17|224|Zik|5:8:15
2069|Xarix IV|Xarixion|Xarix|None|80218|77518|45|255|Xan|5:1:21
2070|Lex Snipe|Lurparl|Lex Snipe|None|79736|78836|15|222|Ter|12:1:11
2071|eragonitas|Crimario|Wobble|None|79582|79582|0|207|Xan|2:3:11
2072|b!tch123|b!tch123|b!tch123|None|78606|78606|0|204|Xan|2:10:23
2073|Stighar|The Fifth Dimension|Stighar|None|77849|77549|5|212|Ter|8:2:22
2074|Judo|errr|judo|None|75131|75131|0|210|Ter|2:10:13
2075|Plato|Liop|Bac|None|74730|74730|0|207|Ter|200:12:3
2076|Error|Microsoft|Dumbfuck|None|74220|74220|0|207|Ter|13:8:14
2077|CENTRON|AUROS|jaffa|None|73680|73680|0|207|Cat|12:2:19
2078|Chief Killaroach|Bush of Orange Kush|Roach|None|73610|70550|51|261|Cat|13:4:23
2079|Cap68s|Da House on Da Hill|MidTown|None|72690|72690|0|207|Ter|200:8:10
2080|Bakken|Harrogath|Bakken|None|71465|71465|0|210|Ter|11:8:6
2081|SlackerHobo|UpwardThrust|SlackerHobo|None|70950|70950|0|210|Ter|1:6:11
2082|Yamakazi|Or1on|Yamkazi|None|70524|64944|93|306|Ter|11:8:13
2083|Reaver|The Salvage Fleet|reaver|None|69718|69718|0|210|Zik|10:7:23
2084|drunk|internet|pooface|None|69405|69405|0|210|Ter|8:4:22
2085|Bane Falcon|Necropolis XIII|Bane|None|68380|67300|18|228|Zik|5:10:16
2086|Chris|Mincustopia|Mincus|None|68375|68375|0|210|Ter|9:2:22
2087|Bakou|Arash|Revealed|None|67800|67800|0|210|Zik|3:1:16
2088|Levi|Raevyrous|Kakashi Mohiko|None|66255|66255|0|210|Xan|3:1:21
2089|Don Buratino|Kamorka|ChuOne|None|66128|63068|51|264|Ter|4:7:14
2090|pombo|MAFC|tmpp0|None|65800|65800|0|210|Ter|5:6:8
2091|Lazycanuck|nubabunch|peachie|None|64592|64592|0|213|Zik|1:6:17
2092|sssmith|myspace|ssmith|None|64592|64592|0|213|Cat|1:6:19
2093|Kain|Nosgoth|Kain|None|63984|61824|36|249|Ter|10:3:16
2094|leman|Duracell|foobar|None|63740|63740|0|210|Ter|2:1:14
2095|rulez|small planets|nadja|None|63740|63740|0|210|Cat|5:8:6
2096|WiseMan|ThePromisedLand|WiseMan|None|63225|63225|0|210|Xan|11:4:22
2097|D I G I T A L|S O L U T I O N|Advent|None|63070|60010|51|264|Zik|8:2:11
2098|DaRKSiDe_M2K|TeRRaNia|DaRKSiDe_M2K|None|62400|62400|0|213|Ter|6:2:18
2099|Rev James Yates Bsc|Singer Hall SH4|James|None|62195|62195|0|210|Cat|200:3:11
2100|desdichado_II|Crome|Desdichado|None|58290|58290|0|213|Zik|2:3:17
2101|Emperor Foss|The Great Empire|foss|None|57018|56478|9|9|Zik|200:14:4
2102|go go|gog gog gog|Tillly|None|56620|56620|0|213|Ter|1:2:23
2103|5th cadian armoured|cadia|trooper|None|55790|55790|0|213|Ter|8:9:8
2104|adem|sari|Ademsari|None|55640|55640|0|213|Xan|9:5:5
2105|StealthAssassin|Hyperspace|Neroan|None|55640|55640|0|213|Zik|200:3:8
2106|coxy|Tynecastle|coxy|None|55440|54540|15|228|Ter|13:3:22
2107|Mr Mickael|Epsylon|Mickael|None|55142|54722|7|220|Ter|10:4:9
2108|Fof|ofof|WhatEvil|None|54600|54600|0|213|Cat|4:7:15
2109|artemus|yukon|yukon|None|54525|54345|3|216|Cat|3:4:17
2110|Swaliargo|Swaledale|Swalesey|None|53560|53560|0|213|Xan|200:17:10
2111|Wheezy|Runner|Wheezy|None|53040|53040|0|213|Ter|200:14:1
2112|lacky|city reds|lacky|None|53040|53040|0|213|Cat|13:8:7
2113|mudzahid|gimme ships|denniz|None|51623|51623|0|216|Zik|10:7:16
2114|grendy|fordirea|romsey|None|51045|51045|0|216|Ter|200:9:15
2115|A2|planetarion|A2|PATSA|48109|48109|0|7|Ter|1:1:13
2116|Zooby|Mouth Of Hell|Zooby|None|34912|34912|0|0|Cat|200:14:3
2117|Sweetpie|Odin|Sweetpie|None|34912|34912|0|0|Ter|200:6:11
2118|Cpt James T Kirk|USS Enterprise|Declan|None|29080|29080|0|0|Zik|200:2:11
